"POBLACION DEL COMERCIO","NOMBRE DEL COMERCIO","Zona","Tipo"
"MEXICO DF","GIGANTE",2,2
"GUADALAJARA","TELEFONICA COBRANZA1",4,4
"GUADALAJARA","TELEFONICA COBRANZA1",4,4
"GUADALAJARA","FARM GUADALAJARA",4,4
"GUADALAJARA","SORIANA",4,4
"GUADALAJARA","FARM CMQ NAC UNIDAS",4,4
"GUADALAJARA","SRIA FINANZAS Y ADMON",4,4
"GUADALAJARA","SRIA FINANZAS Y ADMON",4,4
"GUADALAJARA","ROPA GEOVAN",4,4
"GUADALAJARA","KICKER CAR AUDIO",4,4
"GUADALAJARA","GRUPO GIRALDA",4,4
"GUADALAJARA","SU SUPER",4,4
"GUADALAJARA","EGO NET VENTAS",4,4
"GUADALAJARA","3G COM",4,4
"GUADALAJARA","WALMART",3,3
"GUADALAJARA","FARM GUADALAJARA",4,4
"GUADALAJARA","MAS TV SENAL CAB",4,4
"GUAAJARA J","FARM GUADALAJARA",4,4
"MEXICO DF","BOD LIBRAMIENTO",4,4
"MEXICO DF","HIPER LUMEN GUADALAJAR",4,4
"MEXICO DF","AXTEL",4,4
"SN P GARZA GA","GIGANTE",2,2
"TLAJOMULCO D","SANBORNS",4,4
"TLAQUEPAQUE","WALMART",3,3
"TLAQUEPAQUE","ABARR LAGUNITAS",4,4
"TORREON COAH","FARM GUADALAJARA",4,4
"ZAPOPAN","FARM GUADALAJARA",4,4
"ZAPOPAN","WALMART",3,3
"ZAPOPAN","WALMART",3,3
"ZAPOPAN","MGA060309HX1 GAS",4,4
"ZAPOPAN","FARM GUADALAJARA",4,4
"ZAPOPAN ","UNIF LA COLONIAL",4,4
"ZAPOPAN ","SORIANA",4,4
"ZAPOPAN ","FARM GUADALAJARA",4,4
"ZAPOPAN ","REST BAR EL CANELO",4,4
"ZAPOPAN ","MIXUP GRAN PZA",4,4
"ZAPOPAN ","PSE6602015CA GAS",4,4
"ZAPOPAN ","FARM GUADALAJARA",4,4
"ZAPOPAN ","CABLEVISION",4,4
"","*** SU PAGO GRACIAS ***",4,4
"ZAPOPAN","GIGANTE",2,2
"ZAPOPAN ","IGA020227G45 GAS",4,4
"TLALNEPANTLA","OPER",4,4
"ZAPOPAN ","FARM GUADALAJARA",4,4
"TONALA","FARM GUADALAJARA",4,4
"GUADALAJARA","UNIF LA COLONIAL",4,4
"ZAPOPAN","NO PROBLEM PZA PATRIA",4,4
"ZAPOPAN","FARM GUADALAJARA",4,4
"GUADALAJARA","FARM GUADALAJARA",4,4
"ZAPOPAN ","ABARROTES MAXI",4,4
"MEXICO DF","AIG1 MEX 01800 0064200",4,4
"GUADALAJARA","BODEGA AURRERA",4,4
"ZAPOPAN ","FARM GUADALAJARA",4,4
"GUADALAJARA","MEGA",4,4
"GUADALAJARA","CINEPOLIS",4,4
"ZAPOPAN ","ABARR SUPERMDO SANTA F",4,4
"GUADALAJARA","FARM GUADALAJARA",4,4
"","PAGOS INTERBANCARIOS",4,4
"ZAPOPAN ","SORIANA",4,4
"TONALA ","WALMART",3,3
"GUADALAJARA","STOP",4,4
"","*** SU PAGO GRACIAS ***",4,4
"GUADALAJARA","TELCEL",4,4
"SN JN D LOS L","AAGM201123LG9 GAS",4,4
"GUADALAJARA","FARM GUADALAJARA",4,4
"ZAPOPAN ","SUPERAMA",4,4
"ZAPOPAN","FARM GUADALAJARA",4,4
"ZAPOPAN","FARM GUADALAJARA",4,4
"ZAPOPAN ","CABLEVISION",4,4
"GUADALAJARA","FARM GUADALAJARA",4,4
"GUADALAJARA","BODEGA AURRERA",4,4
"GUADALAJARA","PINT PRISA",4,4
"GUADALAJARA","TELCEL",4,4
"GUADALAJARA","TELCEL",4,4
"GUADALAJARA","TELCEL",4,4
"ZAPOPAN ","CABLEVISION",4,4
"GUADALAJARA","SAN FCO MASCOTAS",4,4
"GUADALAJARA","FARM GUADALAJARA",4,4
"GUADALAJARA","TELCEL",4,4
"","PAGOS INTERBANCARIOS",4,4
"GUADALAJARA","SANBORNS",4,4
"GUADALAJARA","SANBORNS",4,4
"MEXICO DF","SKY RETENCIONES",4,4
"GUADALAJARA","VW AVILA CAMACHO 6M",4,4
"GUADALAJARA","COPITEK",4,4
"ZAPOPAN ","SORIANA",4,4
"GUADALAJARA","MEGA",4,4
"GUADALAJARA","TELCEL",4,4
"GUADALAJARA","CONTEMPO MUEB",4,4
"ZAPOPAN ","SUBURBIA",4,4
"ZAPOPAN ","TEKNOSTEP DE MEXICO",4,4
"TALA ","FARM GUADALAJARA",4,4
"GUADALAJARA","BENAVIDES",4,4
"TLAQUEPAQUE","HOME DEPOT",4,4
"GUADALAJARA","GNP NAL PROVINCIAL 06",4,4
"GUADALAJARA","FARM GUADALAJARA",4,4
"GUADALAJARA","FARM ESP SUC GDL I",4,4
"GUADALAJARA","FARM GUADALAJARA",4,4
"GUADALAJARA","FARM GUADALAJARA",4,4
"ZAPOPAN","ANDREA",4,4
"ZAPOPAN ","FARM GUADALAJARA",4,4
"GUADALAJARA","OPTICAS GAITAN",4,4
"GUADALAJARA","TELCEL",4,4
"ZAPOPAN ","HOME DEPOT",4,4
"ZAPOPAN","FARM GUADALAJARA",4,4
"GUADALAJARA","FARM GUADALAJARA",4,4
"GUADALAJARA","FARM GUADALAJARA",4,4
"MEXICO DF","MDO LIBRE SEIS VT",4,4
"ZAPOPAN ","CABLEVISION",4,4
"GUADALAJARA","SEARS",4,4
"GUADALAJARA","ESD011005280 GAS",4,4
"ZAPOPAN","GIGANTE",2,2
"ZAPOPAN ","SORIANA",4,4
"GUADALAJARA","FARM GUADALAJARA",4,4
"ZAPOPAN ","GEORGE SHOP",4,4
"ACAPULCO GRO","CICI ACAPULCO LOCKERS",4,4
"GUADALAJARA","SPORT TENIS",4,4
"ZAPOPAN","FARM GUADALAJARA",4,4
"GUADALAJARA","SORIANA",4,4
"MEXICO DF","TELMEX",4,4
"MEXICO DF","AVANTEL 2",4,4
"ZAPOPAN ","CABLEVISION",4,4
"GUADALAJARA","AB DISCOS",4,4
"SAN LUIS POTO","GDO000610FA5 GAS",4,4
"MORELIA","CINEPOLIS",4,4
"MORELIA","CINEPOLIS",4,4
"ZAPOPAN ","CABLEVISION",4,4
"GUADALAJARA","FARM ABC",4,4
"ZAPOPAN ","TELCEL",4,4
"ZAPOPAN ","CABLEVISION",4,4
"GUADALAJARA","COPPEL",4,4
"GUADALAJARA","BODEGA AURRERA",4,4
"GUADALAJARA","MEGA",4,4
"MEXICO DF","VUELA MEXICO",4,4
"GUADALAJARA","MEGA",4,4
"GUADALAJARA","WALMART",3,3
"ZAPOPAN","FARM GUADALAJARA",4,4
"ZAPOPAN ","FARM GUADALAJARA",4,4
"ZAPOPAN ","TAKASAMI",4,4
"GUADALAJARA","FARM GUADALAJARA",4,4
"GUADALAJARA","FARM GUADALAJARA",4,4
"ZAPOPAN ","CABLEVISION",4,4
"GUADALAJARA","EL VOLCAN",4,4
"GUADALAJARA","CKLASS COLECCION 1",4,4
"GUADALAJARA","GIGANTE",2,2
"GUADALAJARA","FARM GUADALAJARA",4,4
"GUADALAJARA","ALBARRAN 8 DE JULIO",4,4
"GUADALAJARA","GUADALAJAR CONTRY CLUB",4,4
"GUADALAJARA","EL ZAPATO AGIL IGP",4,4
"GUADALAJARA","EL ZAPATO AGIL IGP",4,4
"TONALA","FARM GUADALAJARA",4,4
"GUADALAJARA","FARM GUADALAJARA",4,4
"ZAPOPAN ","CABLEVISION",4,4
"MEXICO DF","MDO LIBRE SEIS VT",4,4
"ZAPOPAN","GIGANTE",2,2
"GUADALAJARA","WALMART",3,3
"MEXICO DF","AIG1 MEX 01800 0064200",4,4
"MEXICO DF","AIG1 MEX 01800 0064200",4,4
"ZAPOPAN ","CABLEVISION",4,4
"GUADALAJARA","FARM GUADALAJARA",4,4
"MEXICO DF","READER S DIGEST 1 VT",4,4
"ZAPOPAN ","DAOSA",4,4
"ZAPOPAN ","MERIK",4,4
"ZAPOPAN ","PSE6602015CA GAS",4,4
"CHAPALA ","FARM GUADALAJARA",4,4
"SN P GARZA GA","AXTEL",4,4
"ZAPOPAN ","SUBURBIA",4,4
"GUADALAJARA","GIGANTE",2,2
"TONALA ","FARM GUADALAJARA",4,4
"GUADALAJARA","7 CHEDRAUI",4,4
"MEXICO DF","SAMS",4,4
"ZAPOPAN","GIGANTE",2,2
"GUADALAJARA","WALMART",3,3
"GUADALAJARA","WALMART",3,3
"ZAPOPAN ","TELCEL",4,4
"IRAPUATO","WALMART",3,3
"GUADALAJARA","FARM GUADALAJARA",4,4
"GUADALAJARA","VIPS",4,4
"GUADALAJARA","GRA0500121TU5 GAS",4,4
"ZAPOPAN ","COMERCIALIZADORA E Y F",4,4
"SN P GARZA GA","AXTEL",4,4
"TLAQUEPAQUE","ESC0312158X6 GAS",4,4
"ZAPOPAN","FARM GUADALAJARA",4,4
"GUADALAJARA","EL GORDO STEAK",4,4
"GUADALAJARA","FARM GUADALAJARA",4,4
"GUADALAJARA","HOME DEPOT",4,4
"VILLA CORREG","SEGUROS MONTERREY",4,4
"GUADALAJARA","TELCEL",4,4
"SN P GARZA GA","AXTEL",4,4
"GUADALAJARA","KARNE GARIBALDI",4,4
"GUADALAJARA","FARM GUADALAJARA",4,4
"GUADALAJARA","FARM GUADALAJARA",4,4
"TLAJOMULCO D","REDUCE GUADALAJARA",4,4
"GUADALAJARA","7 CHEDRAUI",4,4
"ZAPOPAN","HOME DEPOT",4,4
"ZAPOPAN ","CABLEVISION",4,4
"MEXICO DF","SEG BANCOMER VIDA SEG",4,4
"GUADALAJARA","TELCEL",4,4
"GUADALAJARA","LA MARTINA",4,4
"GUADALAJARA","BODEGA AURRERA",4,4
"GUADALAJARA","CAS000831GQ5 GAS",4,4
"ZAPOPAN ","HOME DEPOT",4,4
"ZAPOPAN ","MARISCO GAXIOLA",4,4
"ZAPOPAN ","CABLEVISION",4,4
"GUADALAJARA","SLM701208JZ6 GAS",4,4
"GUADALAJARA","FARM GUADALAJARA",4,4
"GUADALAJARA","MARISCOS PUERTO DE VER",4,4
"ZAPOPAN ","FARM GUADALAJARA",4,4
"ZAPOPAN","COMERCIAL MEXICANA",4,4
"GUADALAJARA","FARM GUADALAJARA",4,4
"GUADALAJARA","TELCEL",4,4
"MEXICO DF","TELMEX",4,4
"TIJUANA BCN","AVOLAR AEROLINEAS",4,4
"TIJUANA BCN","AVOLAR AEROLINEAS",4,4
"GUADALAJARA","JOY",4,4
"GUADALAJARA","SWATCH DE GUADALAJARA",4,4
"GUADALAJARA","BENAVIDES",4,4
"GUADALAJARA","BODEGA AURRERA",4,4
"GUADALAJARA","BODEGA AURRERA",4,4
"ZAPOPAN ","SALON HERENDIRA",4,4
"GUADALAJARA","MUNDO TERRA",4,4
"ZAPOPAN","COMERCIAL MEXICANA",4,4
"GUADALAJARA","REFACC MARIO GARCIA 01",4,4
"GUADALAJARA","EUROVISION",4,4
"GUADALAJARA","FARM GUADALAJARA",4,4
"GUADALAJARA","BODEGA AURRERA",4,4
"GUADALAJARA","MANOLO CANTINA",4,4
"GUADALAJARA","FARM GUADALAJARA",4,4
"TONALA","CINEMEX GUADALAJARA",4,4
"ZAPOPAN ","CABLEVISION",4,4
"MEXICO DF","SEGU BBVA RESEG CANCER",4,4
"MEXICO DF","SEGU BBVA RESEG CANCER",4,4
"GUADALAJARA","FARM GUADALAJARA",4,4
"GUADALAJARA","JOM METODOS GUA",4,4
"ZAPOPAN ","CABLEVISION",4,4
"MEXICO DF","AIG1 MEX 01800 0064200",4,4
"ZAPOPAN","PETER PIPER PIZZA",4,4
"GUADALAJARA","FARM GUADALAJARA",4,4
"ZAPOPAN ","CABLEVISION",4,4
"TONALA ","WALMART",3,3
"ZAPOPAN ","FARM GUADALAJARA",4,4
"ZAPOPAN","GIGANTE",2,2
"ZAPOPAN ","FARM GUADALAJARA",4,4
"GUADALAJARA","FARM GUADALAJARA",4,4
"ZAPOPAN ","WALMART",3,3
"GUADALAJARA","SAMS",4,4
"GUADALAJARA","FARM GUADALAJARA",4,4
"ZAPOPAN ","CABLEVISION",4,4
"GUADALAJARA","GIGANTE",2,2
"GUADALAJARA","GIGANTE",2,2
"ZAPOPAN ","BENAVIDES",4,4
"ZAPOPAN ","MCA0204155U3 GAS",4,4
"GUADALAJARA","TUR050706DA1 GAS",4,4
"GUADALAJARA","FARM GUADALAJARA",4,4
"GUADALAJARA","INST CIENCIAS COMPU",4,4
"GUADALAJARA","SUPREMA JAVIER MINA",4,4
"ZAPOPAN ","CABLEVISION",4,4
"GUADALAJARA","VEGL700905SJ0 GAS",4,4
"GUADALAJARA","FARM GUADALAJARA",4,4
"GUADALAJARA","TELCEL",4,4
"GUADALAJARA","MEGA",4,4
"MEXICO DF","MAS TV SENAL CAB",4,4
"GUADALAJARA","FARM GUADALAJARA",4,4
"TLAQUEPAQUE","BODEGA AURRERA",4,4
"TLAQUEPAQUE","BODEGA AURRERA",4,4
"MORELIA","CINEPOLIS",4,4
"MORELIA","CINEPOLIS",4,4
"GUADALAJARA","TELCEL",4,4
"MEXICO DF","AIG1 MEX 01800 0064200",4,4
"GUADALAJARA","FABRICAS DE FRANCIA",4,4
"GUADALAJARA","FARM GUADALAJARA",4,4
"GUADALAJARA","TELCEL",4,4
"ZAPOPAN ","CABLEVISION",4,4
"GUADALAJARA","FARM GUADALAJARA",4,4
"GUADALAJARA","LUMEN SUC PEDRO MORENO",4,4
"GUADALAJARA","WALMART",3,3
"ZAPOPAN ","DEPORTES GUERRA",4,4
"GUADALAJARA","FARMS ABC",4,4
"ZAPOPAN ","ITALIANNI S GAL GDL",4,4
"ZAPOPAN ","TELECABLE",4,4
"ZAPOPAN ","CABLEVISION",4,4
"ZAPOPAN ","CABLEVISION",4,4
"BAHIA DE BAND","FARM GUADALAJARA",4,4
"ZAPOPAN ","LIVERPOOL",4,4
"TLAQUEPAQUE","GIGANTE",2,2
"ZAPOPAN ","CABLEVISION",4,4
"TLAQUEPAQUE","PSE6602015CA GAS",4,4
"PTO VALLARTA","REST EL ANDARIEGO",4,4
"TONALA","COSTCO GUADALAJARA",4,4
"ZAPOPAN ","STE970924PP4 GAS",4,4
"MEXICO DF","AIG1 MEX 01800 0064200",4,4
"GUADALAJARA","MEGA",4,4
"ZAPOPAN ","FARM GUADALAJARA",4,4
"ZAPOPAN","SANBORNS",4,4
"ZAPOPAN ","SCRATCH DO OURO",4,4
"GUADALAJARA","WALMART",3,3
"GUADALAJARA","EL SURTIDOR TAPICERO",4,4
"MEXICO DF","TELMEX",4,4
"GUADALAJARA","CHAVITA",4,4
"GUADALAJARA","GIGANTE",2,2
"GUADALAJARA","GIGANTE",2,2
"GUADALAJARA","BODEGA AURRERA",4,4
"GUADALAJARA","BODEGA AURRERA",4,4
"GUADALAJARA","GIGANTE",2,2
"MEXICO DF","SKY RETENCIONES",4,4
"","*** SU PAGO GRACIAS ***",4,4
"GUADALAJARA","SGL010531EI3 GAS",4,4
"GUADALAJARA","GIGANTE",2,2
"GUADALAJARA","INSTMEXICOAMERICANODEC",4,4
"GUADALAJARA","SORIANA",4,4
"GUADALAJARA","MEGA",4,4
"GUADALAJARA","REFACC MARIO GARCIA",4,4
"GUADALAJARA","ESTAFETA",4,4
"PTO VALLARTA","GIGANTE",2,2
"TLAQUEPAQUE","FARM GUADALAJARA",4,4
"ZAPOPAN ","FARM GUADALAJARA",4,4
"GUADALAJARA","FARM GUADALAJARA",4,4
"ZAPOPAN ","WALMART",3,3
"ZAPOPAN ","FARM GUADALAJARA",4,4
"GUADALAJARA","FARM GUADALAJARA",4,4
"TLAQUEPAQUE","FARM GUADALAJARA",4,4
"GUADALAJARA","BODEGA AURRERA",4,4
"ZAPOPAN","GIGANTE",2,2
"GUADALAJARA","CALZADO IDEAL",4,4
"GUADALAJARA","BODEGA AURRERA",4,4
"ZAPOPAN ","FERRET CALZ PATRIA",4,4
"ZAPOPAN ","WALMART",3,3
"ZAPOPAN ","LIVERPOOL",4,4
"ZAPOPAN ","LIVERPOOL",4,4
"GUADALAJARA","MEGA",4,4
"GUADALAJARA","WALMART",3,3
"ZAPOPAN ","FARM GUADALAJARA",4,4
"IXTAPA ZIHUA","OMN IXTAPA",4,4
"GUADALAJARA","TELCEL",4,4
"ZAPOPAN ","MURAL",4,4
"ZAPOPAN","AVIACSA GUAD JAL",4,4
"GUADALAJARA","FARM GUADALAJARA",4,4
"ZAPOPAN ","KOP940610D11 GAS",4,4
"ZAPOPAN ","FARM GUADALAJARA",4,4
"","PAGOS INTERBANCARIOS",4,4
"GUADALAJARA","BODEGA AURRERA",4,4
"ZAPOPAN ","CABLEVISION",4,4
"ZAPOPAN ","FARM GUADALAJARA",4,4
"ZAPOPAN ","CHOCOLATES ARNOLDI",4,4
"ZAPOPAN","BURGER KING PATRIA",4,4
"GUADALAJARA","EL INFORMADOR",4,4
"ZAPOPAN ","CABLEVISION",4,4
"GUADALAJARA","THE WAFFLE FACTORY",4,4
"ZAPOPAN ","CABLEVISION",4,4
"SN P GARZA GA","AXTEL",4,4
"GUADALAJARA","MARISCOS EL CARNAL",4,4
"GUADALAJARA","BODEGA AURRERA",4,4
"MAZATLAN","AGENC CHEVROLET REFAC",4,4
"GUADALAJARA","GTC940212K93 GAS",4,4
"GUADALAJARA","FARM GUADALAJARA",4,4
"GUADALAJARA","BODEGA AURRERA",4,4
"ZAPOPAN","GIGANTE",2,2
"GUADALAJARA","FARM GUADALAJARA",4,4
"GUADALAJARA","FARM GUADALAJARA",4,4
"GUADALAJARA","BODEGA AURRERA",4,4
"GUADALAJARA","COPIROYAL",4,4
"GUADALAJARA","FARM GUADALAJARA",4,4
"TONALA ","ESS0309154M2 GAS",4,4
"TLAQUEPAQUE","GPO GIRALDA",4,4
"GUADALAJARA","PASTELERIA OK XX",4,4
"TLAQUEPAQUE","FARM GUADALAJARA",4,4
"GUADALAJARA","SUPER LA PLAYA",4,4
"GUADALAJARA","TELCEL",4,4
"GUADALAJARA","BODEGA AURRERA",4,4
"ZAPOPAN","GIGANTE",2,2
"GUADALAJARA","SLM701208JZ6 GAS",4,4
"GUADALAJARA","FABRICAS DE FRANCIA",4,4
"GUADALAJARA","FABRICAS DE FRANCIA",4,4
"ZAPOPAN ","FARM GUADALAJARA",4,4
"GUADALAJARA","SEARS",4,4
"GUADALAJARA","FARM GUADALAJARA",4,4
"ZAPOPAN ","CABLEVISION",4,4
"GUADALAJARA","BODEGA AURRERA",4,4
"ZAPOPAN ","CABLEVISION",4,4
"GUADALAJARA","TUR050706DA1 GAS",4,4
"ZAPOPAN","FARM GUADALAJARA",4,4
"MEXICO DF","MAS TV SENAL CAB",4,4
"ZAPOPAN","FARM GUADALAJARA",4,4
"ZAPOPAN","GIGANTE",2,2
"TLAQUEPAQUE","FARM GUADALAJARA",4,4
"GUADALAJARA","BENAVIDES",4,4
"ZAPOPAN ","CABLEVISION",4,4
"TLAQUEPAQUE","FARM GUADALAJARA",4,4
"","*** SU PAGO GRACIAS ***",4,4
"GUADALAJARA","FARM GUADALAJARA",4,4
"GUADALAJARA","FARM GUADALAJARA",4,4
"GUADALAJARA","BODEGA AURRERA",4,4
"GUADALAJARA","BODEGA AURRERA",4,4
"GUADALAJARA","GIGANTE",2,2
"ZAPOPAN ","LA VITE",4,4
"ZAPOPAN ","CABLEVISION",4,4
"GUADALAJARA","WALMART",3,3
"GUADALAJARA","MI PC COMUNICACIONES",4,4
"GUADALAJARA","FARM GUADALAJARA",4,4
"GUADALAJARA","BODEGA AURRERA",4,4
"TLAQUEPAQUE","BENAVIDES",4,4
"TOLAJOMULCO D","FERREMAT MURILLO",4,4
"ZAPOPAN","FARM GUADALAJARA",4,4
"ZAPOPAN ","MVS MULTIVISION",4,4
"ZAPOPAN","FARM GUADALAJARA",4,4
"ZAPOPAN ","SELENE HAIR STUDIO",4,4
"GUADALAJARA","SORIANA",4,4
"GUADALAJARA","7 ELEVEN",4,4
"MEXICO DF","SEG BBVA RES CANCER VT",4,4
"ZAPOPAN ","CABLEVISION",4,4
"ZAPOPAN ","FABRICAS DE FRANCIA",4,4
"GUADALAJARA","MERCERIA LA 56",4,4
"TLAQUEPAQUE","GIGANTE",2,2
"GUADALAJARA","BALMUNG",4,4
"GUADALAJARA","TILUSION NVO 9074",4,4
"GUADALAJARA","TILUSION NVO 9074",4,4
"GUADALAJARA","HERBALIFE",4,4
"ZAPOPAN","ZAP FRANCIS AV VTA",4,4
"ZAPOPAN ","FARMACIAS SIMILARES",1,1
"GUADALAJARA","MGA060309HX1 GAS",4,4
"GUADALAJARA","FARM GUADALAJARA",4,4
"MEXICO DF","MAS TV SENAL CAB",4,4
"GUADALAJARA","SAMS",4,4
"ZAPOPAN","STARBUCKS",4,4
"GUADALAJARA","FARM GUADALAJARA",4,4
"ZAPOPAN","HOME DEPOT",4,4
"ZAPOPAN","EL DESVAN D CATHERINE",4,4
"GUADALAJARA","GBD031003B28 GAS",4,4
"TLAQUEPAQUE","FARM GUADALAJARA",4,4
"MEXICO DF","NEXTEL",4,4
"ZAPOPAN ","CABLEVISION",4,4
"GUADALAJARA","GJO960516GR6 GAS",4,4
"TLAJOMULCO D","SORIANA",4,4
"TLAJOMULCO D","EPL031124JV2 GAS",4,4
"TLAJOMULCO D","EPL031124JV2 GAS",4,4
"TLAJOMULCO D","EPL031124JV2 GAS",4,4
"GUADALAJARA","TELCEL",4,4
"GUADALAJARA","D PORTENIS JUAREZ",4,4
"TLAQUEPAQUE","EPA0503163K6 GAS",4,4
"MONTERREY","MARY KAY COSMET MEX 01",4,4
"ZAPOPAN ","SAMS",4,4
"GUADALAJARA","GIGANTE",2,2
"TLAJOMULCO D","FARM GUADALAJARA",4,4
"GUADALAJARA","SORIANA",4,4
"TLAQUEPAQUE","BODEGA AURRERA",4,4
"TLAQUEPAQUE","FARM GUADALAJARA",4,4
"GUADALAJARA","GIGANTE",2,2
"ZAPOPAN","VIU 03",4,4
"GUADALAJARA","BURGER KING GLORIETA",4,4
"ZAPOPAN ","SUBURBIA",4,4
"ZAPOPAN ","SAMS",4,4
"GUADALAJARA","GIGANTE",2,2
"TLAJOMULCO D","WALMART",3,3
"MEXICO DF","INTERJET",4,4
"MEXICO DF","INTERJET",4,4
"ZAPOPAN ","SPA7707013M8 GAS",4,4
"ZAPOPAN ","CABLEVISION",4,4
"TONALA ","WALMART",3,3
"GUADALAJARA","GIGANTE",2,2
"CORREGIDORA","SEG MONTERREY NYL",4,4
"GUADALAJARA","CAFET",4,4
"GUADALAJARA","DIAMANTEX",4,4
"GUADALAJARA","ZAPATERIAS JAZZ I",4,4
"GUADALAJARA","FINE SHOES",4,4
"GUADALAJARA","FARM GUADALAJARA",4,4
"ZAPOPAN ","N V I",4,4
"ZAPOPAN ","CABLEVISION",4,4
"GUADALAJARA","FRAICHE",4,4
"ZAPOPAN ","CABLEVISION",4,4
"GUADALAJARA","PIRMA BRASIL",4,4
"ZAPOPAN ","AUTOLLANTAS",4,4
"GUADALAJARA","WALMART",3,3
"ZAPOPAN ","CABLEVISION",4,4
"GUADALAJARA","TOKAI",4,4
"GUADALAJARA","FARM GUADALAJARA",4,4
"ZAPOPAN ","FARM GUADALAJARA",4,4
"GUADALUPE","LAS ORIGINALES CARNES",4,4
"GUADALAJARA","FARM GUADALAJARA",4,4
"GUADALAJARA","FARM GUADALAJARA",4,4
"GUADALAJARA","FARM GUADALAJARA",4,4
"GUADALAJARA","BURGER KING CENTRO",4,4
"GUADALAJARA","HOME DEPOT",4,4
"GUADALAJARA","HOME DEPOT",4,4
"MEXICO DF","ESTRELLA BCA C CENTER",4,4
"GUADALAJARA","SUBURBIA",4,4
"GUADALAJARA","ZOO ROPA",4,4
"ZAPOPAN ","CABLEVISION",4,4
"GUADALAJARA","HTE MEXICO GUAD VT",4,4
"GUADALAJARA","FARM GUADALAJARA",4,4
"TLAJOMULCO D","GIMNASIOS GOLDS GYM",4,4
"ZAPOPAN","LAB JULIO PLAZA PATRIA",4,4
"ZAPOPAN ","FERRET CALZ PATRIA",4,4
"GUADALAJARA","GTC940212K93 GAS",4,4
"TONALA","FARM GUADALAJARA",4,4
"TEPIC","OFFICE DEPOT",4,4
"TEPIC","WALMART",3,3
"GUADALAJARA","FARM GUADALAJARA",4,4
"GUADALAJARA","FARM GUADALAJARA",4,4
"GUADALAJARA","TELCEL",4,4
"GUADALAJARA","AXTEL",4,4
"GUADALAJARA","GIGANTE",2,2
"ZAPOPAN ","SCO8601168Q8 GAS",4,4
"GUADALAJARA","FARM GUADALAJARA",4,4
"MEXICO DF","DESARROLLO MNA V TCOM",4,4
"TLAJOMULCO D","COPPEL",4,4
"TLAQUEPAQUE","PSE6602015CA GAS",4,4
"TLAQUEPAQUE","PSE6602015CA GAS",4,4
"GUADALAJARA","FARM GUADALAJARA",4,4
"ZAPOPAN ","ZAP D KAREN",4,4
"GUADALAJARA","UAG780612718 GAS",4,4
"ZAPOPAN ","CABLEVISION",4,4
"ZAPOPAN ","SUBURBIA",4,4
"SANTA CATARIN","AXTEL",4,4
"ZAPOPAN ","STEREN",4,4
"ZAPOPAN ","STEREN",4,4
"ZAPOPAN","GIGANTE",2,2
"GUADALAJARA","BODEGA AURRERA",4,4
"GUADALAJARA","SEARS",4,4
"GUADALAJARA","FARM GUADALAJARA",4,4
"ZAPOPAN","GIGANTE",2,2
"GUADALAJARA","FARM GUADALAJARA",4,4
"GUADALAJARA","GJO960516GR6 GAS",4,4
"GUADALAJARA","GIGANTE",2,2
"ZAPOPAN ","SORIANA",4,4
"ZAPOPAN ","FARM GUADALAJARA",4,4
"ZAPOPAN ","SUPERAMA",4,4
"ZAPOPAN","PDTE INTER GUAD RECEP",4,4
"GUADALAJARA","SUPER SALDOS",4,4
"ZAPOPAN ","CABLEVISION",4,4
"MEXICO DF","AIG1 MEX 01800 0064200",4,4
"GUADALAJARA","COM EREC",4,4
"ZAPOPAN ","CABLEVISION",4,4
"GUADALAJARA","FARM GUADALAJARA",4,4
"GUADALAJARA","FARM GUADALAJARA",4,4
"ZAPOPAN","MC DONALDS LOPEZ MATEOS",4,4
"ZAPOPAN ","TACO CREPA",4,4
"TLAQUEPAQUE","SSS020412PK8 GAS",4,4
"ZAPOPAN ","FLORERIA MARTHA",4,4
"ZAPOPAN ","FARM GUADALAJARA",4,4
"TLAQUEPAQUE","WALMART",3,3
"GUADALAJARA","AUTOMOTORES GABA",4,4
"TLALNEPANTLA","WALDOS SUC 6002",4,4
"GUADALAJARA","OMNILIFE DE MEXICO",4,4
"GUADALAJARA","BODEGA AURRERA",4,4
"LEON","COMERCIAL MEXICANA",4,4
"GUADALAJARA","TELCEL",4,4
"GUADALAJARA","TELCEL",4,4
"GUADALAJARA","MISION GUADALAJARA",4,4
"SANTA CATARIN","AXTEL",4,4
"ZAPOPAN ","SAMS",4,4
"MEXICO DF","SKY RETENCIONES",4,4
"GUADALAJARA","FARM GUADALAJARA",4,4
"ZAPOPAN ","WALMART",3,3
"ZAPOPAN ","CABLEVISION",4,4
"GUADALAJARA","FARM GUADALAJARA",4,4
"GUADALAJARA","SIST INT TDA Y FARM 61",4,4
"GUADALAJARA","OMNILIFE DE MEXICO",4,4
"MEXICO DF","SKY TV DC",4,4
"GUADALAJARA","UAG780612718 GAS",4,4
"TLAQUEPAQUE","BENAVIDES",4,4
"GUADALAJARA","FARM GUADALAJARA",4,4
"GUADALAJARA","ZAP FRANCIS DELUXE",4,4
"ZAPOPAN ","SAMS",4,4
"ZAPOPAN","FARM GUADALAJARA",4,4
"GUADALAJARA","BODEGA AURRERA",4,4
"ZAPOPAN ","APPLE BEES",4,4
"ZAPOPAN ","SAC680430JP6 GAS",4,4
"ZAPOPAN ","FARM GUADALAJARA",4,4
"GUADALAJARA","VIPS",4,4
"ZAPOPAN","MCDONALDS OTERO",4,4
"CORREGIDORA","SEG MONTERREY NYL",4,4
"ZAPOPAN","FARM GUADALAJARA",4,4
"GUADALAJARA","GIGANTE",2,2
"ZAPOPAN","FARM GUADALAJARA",4,4
"ZAPOPAN ","FARM GUADALAJARA",4,4
"GUADALAJARA","BODEGA AURRERA",4,4
"TLAJOMULCO","GIGANTE",2,2
"GUADALAJARA","FARM GUADALAJARA",4,4
"GUADALAJARA","CINEPOLIS",4,4
"GUADALAJARA","CINEPOLIS",4,4
"ZAPOPAN ","WALMART",3,3
"GUADALAJARA","DISCO OFERTAS AGUILAR",4,4
"ZAPOPAN","INTERCERAMIC FERRAN",4,4
"GUADALAJARA","BLOCKBUSTER",4,4
"GUADALAJARA","FARM GUADALAJARA",4,4
"GUADALAJARA","EKAR DE GAS SAN ISIDRO",4,4
"TIJUANA BCN","BLOCKBUSTER",4,4
"GUADALAJARA","LODI LLANTAS",4,4
"MEXICO DF","SEG BBVA RES CANCER VT",4,4
"MEXICO DF","SEG BBVA RES CANCER VT",4,4
"GUADALAJARA","SNH480715A89 GAS",4,4
"ZAPOPAN ","UNIVERSAL MUEB",4,4
"GUADALAJARA","INMOBILIARIA JOROBO",4,4
"GUADALAJARA","GIGANTE",2,2
"TLAQUEPAQUE","FARM GUADALAJARA",4,4
"GUADALAJARA","SAMS",4,4
"GUADALAJARA","GIGANTE",2,2
"ZAPOPAN","GIGANTE",2,2
"GUADALAJARA","GIGANTE",2,2
"ZAPOPAN ","FARM GUADALAJARA",4,4
"TLAQUEPAQUE","GPO900827QZ0 GAS",4,4
"GUADALAJARA","FARM GUADALAJARA",4,4
"GUADALAJARA","GIGANTE",2,2
"TLAQUEPAQUE","EPA0503163K6 GAS",4,4
"GUADALAJARA","SANBORNS",4,4
"AHUALULCO ","REST SOKY",4,4
"ZAPOPAN","TELCEL",4,4
"GUADALAJARA","REG SAX",4,4
"ZAPOPAN ","MEGA",4,4
"MORELIA","CINEPOLIS",4,4
"","*** SU PAGO GRACIAS ***",4,4
"ZAPOPAN","ZARA PZA DEL SOL",4,4
"ZAPOPAN ","GRUPO VANITY",4,4
"GUADALAJARA","DIST BARBA",4,4
"ZAPOPAN","COMERCIAL MEXICANA",4,4
"TLAQUEPAQUE","WALMART",3,3
"GUADALAJARA","MAXITONER",4,4
"GUADALAJARA","FARM GUADALAJARA",4,4
"GUADALAJARA","MEGA",4,4
"GUADALAJARA","FARM GUADALAJARA",4,4
"ZAPOPAN ","SAMS",4,4
"ZAPOPAN ","SORIANA",4,4
"ZAPOPAN","FARM GUADALAJARA",4,4
"GUADALAJARA","FABRICAS DE FRANCIA",4,4
"GUADALAJARA","FARM GUADALAJARA",4,4
"TONALA ","FARM GUADALAJARA",4,4
"GUADALAJARA","FARM GUADALAJARA",4,4
"ZAPOPAN ","CABLEVISION",4,4
"TLAQUEPAQUE","TELCEL",4,4
"GUADALAJARA","FARM GUADALAJARA",4,4
"TONALA ","FARM GUADALAJARA",4,4
"CORREGIDORA","SEG MONTERREY NYL",4,4
"ZAPOPAN ","SAMS",4,4
"ZAPOPAN ","ZAP JULIETA",4,4
"","*** SU PAGO GRACIAS ***",4,4
"ZAPOPAN ","CABLEVISION",4,4
"GUADALAJARA","PLASTICAJAS DE OCCTE",4,4
"ZAPOPAN ","LACOSTE",4,4
"ZAPOPAN","FARM GUADALAJARA",4,4
"GUADALAJARA","FARM GUADALAJARA",4,4
"GUADALAJARA","CINEPOLIS",4,4
"ZAPOPAN ","MVS MULTIVISION",4,4
"TLAQUEPAQUE","BODEGA AURRERA",4,4
"SN P GARZA GA","AXTEL",4,4
"GUADALAJARA","GIGANTE",2,2
"GUADALAJARA","GIGANTE",2,2
"GUADALAJARA","FARM GUADALAJARA",4,4
"TLAQUEPAQUE","TRA031106HZ8 GAS",4,4
"GUADALAJARA","SAMS",4,4
"GUADALAJARA","BODEGA AURRERA",4,4
"ZAPOPAN ","STE970924PP4 GAS",4,4
"GUADALAJARA","SORIANA",4,4
"TLAQUEPAQUE","ITESO",4,4
"GUADALAJARA","FARM GUADALAJARA",4,4
"GUADALAJARA","SCA930421EJ3 GAS",4,4
"MEXICO DF","TELMEX",4,4
"ZAPOPAN ","NIKE GRAN PLAZA",4,4
"GUADALAJARA","LOB",4,4
"GUADALAJARA","FARM GUADALAJARA",4,4
"GUADALAJARA","SANBORNS",4,4
"ZAPOPAN ","FARM GUADALAJARA",4,4
"GUADALAJARA","FARM GUADALAJARA",4,4
"GUADALAJARA","FARM GUADALAJARA",4,4
"MORELIA","MEGA",4,4
"GUADALAJARA","LUMEN SUC LAZARO CARD",4,4
"TLAQUEPAQUE","HOME DEPOT",4,4
"GUADALAJARA","WALMART",3,3
"MEXICO DF","SEG ING",4,4
"GUADALAJARA","FARM GUADALAJARA",4,4
"GUADALAJARA","LEIMAGE",4,4
"GUADALAJARA","MC DONALDS LAZAROCARD",4,4
"GUADALAJARA","WALMART",3,3
"ZAPOPAN","FARM GUADALAJARA",4,4
"GUADALAJARA","FARM GUADALAJARA",4,4
"GUADALAJARA","BODEGA AURRERA",4,4
"TLAJOMULCO D","FARM GUADALAJARA",4,4
"TLAQUEPAQUE","PRODUCTOS EIFFEL",4,4
"TLAQUEPAQUE","WALMART",3,3
"GUADALAJARA","FARM GUADALAJARA",4,4
"GUADALAJARA","FARM GUADALAJARA",4,4
"ZAPOPAN","FARM GUADALAJARA",4,4
"MEXICO DF","GPO NAL PROV MODELO",4,4
"ZAPOPAN ","FARM GUADALAJARA",4,4
"MEXICO DF","SEG BANCOMER VIDA SEG",4,4
"GUADALAJARA","BODEGA AURRERA",4,4
"ZAPOPAN ","FARM GUADALAJARA",4,4
"GUADALAJARA","BENAVIDES",4,4
"GUADALAJARA","BENAVIDES",4,4
"GUADALAJARA","FARM GUADALAJARA",4,4
"SN P GARZA GA","AXTEL",4,4
"GUADALAJARA","FARM GUADALAJARA",4,4
"GUADALAJARA","FARM GUADALAJARA",4,4
"GUADALAJARA","FARM GUADALAJARA",4,4
"GUADALAJARA","FARM GUADALAJARA",4,4
"MORELIA","CINEPOLIS",4,4
"ZAPOPAN ","STE040224HD6 GAS",4,4
"TONALA","FARM GUADALAJARA",4,4
"GUADALAJARA","FARM GUADALAJARA",4,4
"ZAPOPAN","FARM GUADALAJARA",4,4
"GUADALAJARA","FARM GUADALAJARA",4,4
"GUADALAJARA","FARM GUADALAJARA",4,4
"GUADALAJARA","FARM GUADALAJARA",4,4
"GUADALAJARA","FARM GUADALAJARA",4,4
"ZAPOPAN","COMERCIAL MEXICANA",4,4
"SAYULA ","BODEGA AURRERA",4,4
"ZAPOPAN","SHAKLEE GUADALAJARA",4,4
"GUADALAJARA","BODEGA AURRERA",4,4
"MEXICO DF","AIG1 MEX 01800 0064200",4,4
"MEXICO DF","AIG1 MEX 01800 0064200",4,4
"MEXICO DF","AIG1 MEX 01800 0064200",4,4
"MEXICO DF","AIG1 MEX 01800 0064200",4,4
"GUADALAJARA","FARM GUADALAJARA",4,4
"GUADALAJARA","ESTET EVA",4,4
"GUADALAJARA","MAGA480404AS3 GAS",4,4
"GUADALAJARA","FARM GUADALAJARA",4,4
"GUADALAJARA","FARM GUADALAJARA",4,4
"GUADALAJARA","RECAUDADORA NO 005",4,4
"TLAQUEPAQUE","RADIO SHACK",4,4
"GUADALAJARA","SANBORNS",4,4
"GUADALAJARA","WALDOS6618GUADALAJARAC",4,4
"GUADALAJARA","PASTELERIAS OK XII",4,4
"GUADALAJARA","FARM GUADALAJARA",4,4
"GUADALAJARA","FARM GUADALAJARA",4,4
"GUADALAJARA","INST CIENCIAS COMPU",4,4
"MONTERREY","MARY KAY COSMET MEX 01",4,4
"MONTERREY","MARY KAY COSMET MEX 01",4,4
"MONTERREY","MARY KAY COSMET MEX 01",4,4
"","*** SU PAGO GRACIAS ***",4,4
"ZAPOPAN ","FARM GUADALAJARA",4,4
"GUADALAJARA","FARM GUADALAJARA",4,4
"GUADALAJARA","ZAP D BEBE",4,4
"GUADALAJARA","KLAUSY",4,4
"GUADALAJARA","RNC 9310287DA GAS",4,4
"GUADALAJARA","FARM GUADALAJARA",4,4
"GUADALAJARA","FARM GUADALAJARA",4,4
"GUADALAJARA","GIGANTE",2,2
"ZAPOPAN ","ESB950126NCA GAS",4,4
"GUADALAJARA","FARM GUADALAJARA",4,4
"SN P GARZA GA","AXTEL",4,4
"GUADALAJARA","TELCEL",4,4
"ZAPOPAN ","CABLEVISION",4,4
"GUADALAJARA","MEGA",4,4
"GUADALAJARA","MEGA",4,4
"ZAPOPAN ","FARM GUADALAJARA",4,4
"MONTERREY","MARY KAY COSMET MEX 01",4,4
"GUADALAJARA","FARM GUADALAJARA",4,4
"GUADALAJARA","BODEGA AURRERA",4,4
"MORELIA","CINEPOLIS",4,4
"GUADALAJARA","SORIANA",4,4
"GUADALAJARA","FARM GUADALAJARA",4,4
"ZAPOPAN ","BODEGA AURRERA",4,4
"","*** SU PAGO GRACIAS ***",4,4
"GUADALAJARA","FARM GUADALAJARA",4,4
"ZAPOPAN","FARM GUADALAJARA",4,4
"GUADALAJARA","BLOCKBUSTER",4,4
"ZAPOPAN","BURGER KING ACUEDUCTO",4,4
"GUADALAJARA","TICKETMASTER TDI",4,4
"ZAPOPAN ","FARM GUADALAJARA",4,4
"GUADALAJARA","BENAVIDES",4,4
"ZAPOPAN","SUPER LA PLAYA",4,4
"","PAGOS INTERBANCARIOS",4,4
"","PAGOS INTERBANCARIOS",4,4
"GUADALAJARA","NOVEDADES LUCERO",4,4
"ZAPOPAN","GIGANTE",2,2
"ZAPOPAN","GIGANTE",2,2
"GUADALAJARA","FARM GUADALAJARA",4,4
"TLAJOMULCO D","SAM S PALOMAR",4,4
"ZAPOPAN ","CABLEVISION",4,4
"GUADALAJARA","GIGANTE",2,2
"TLAJOMULCO D","UAG7806127I8 GAS",4,4
"GUADALAJARA","BODEGA AURRERA",4,4
"GUADALAJARA","BODEGA AURRERA",4,4
"ZAPOPAN ","FARM GUADALAJARA",4,4
"GUADALAJARA","FARM GUADALAJARA",4,4
"GUADALAJARA","FARM GUADALAJARA",4,4
"GUADALAJARA","BODEGA AURRERA",4,4
"GUADALAJARA","BODEGA AURRERA",4,4
"GUADALAJARA","FARM GUADALAJARA",4,4
"GUADALAJARA","M PROMODA GDL",4,4
"GUADALAJARA","FARM GUADALAJARA",4,4
"GUADALAJARA","FARM GUADALAJARA",4,4
"SN P GARZA GA","AXTEL",4,4
"GUANAJUATO GT","CASA VALADEZ",4,4
"GUADALAJARA","FARM GUADALAJARA",4,4
"GUADALAJARA","SORIANA",4,4
"ZAPOPAN ","FARM GUADALAJARA",4,4
"ZAPOPAN","GIGANTE",2,2
"GUADALAJARA","SORIANA",4,4
"ZAPOPAN","GIGANTE",2,2
"GUADALAJARA","PAPELERIA BETY",4,4
"ZAPOPAN ","FARM GUADALAJARA",4,4
"ZAPOPAN ","PASTELERIA JEFFREY",4,4
"ZAPOPAN ","SUBURBIA",4,4
"ZAPOPAN ","ADMINISTRADORA DENTAL",4,4
"GUADALAJARA","BODEGA AURRERA",4,4
"TLAQUEPAQUE","ESC0312158X6 GAS",4,4
"ZAPOPAN ","FARM GUADALAJARA",4,4
"ZAPOPAN ","TOU000718SG4 GAS",4,4
"ZAPOPAN ","GIRLS RULE",4,4
"ZAPOPAN ","SORIANA",4,4
"GUADALAJARA","FARM GUADALAJARA",4,4
"GUADALAJARA","TELCEL",4,4
"GUADALAJARA","GPO GIRALDA",4,4
"GUADALAJARA","GRUPO GIRALDA",4,4
"ZAPOPAN ","CABLEVISION",4,4
"GUADALAJARA","COM JIM J MINA",4,4
"GUADALAJARA","TELCEL",4,4
"GUADALAJARA","TELCEL",4,4
"GUADALAJARA","TELCEL",4,4
"TLAQUEPAQUE","BODEGA AURRERA",4,4
"ZAPOPAN ","CABLEVISION",4,4
"GUADALAJARA","FARM GUADALAJARA",4,4
"ZAPOPAN ","FARM GUADALAJARA",4,4
"GUADALAJARA","FARM GUADALAJARA",4,4
"GUADALAJARA","UAG780612718 GAS",4,4
"","*** SU PAGO GRACIAS ***",4,4
"GUADALAJARA","SAMS",4,4
"GUADALAJARA","BODEGA AURRERA",4,4
"TONALA","FARM GUADALAJARA",4,4
"TLAQUEPAQUE","WALMART",3,3
"TLAQUEPAQUE","WALMART",3,3
"ZAPOPAN ","MVS MULTIVISION",4,4
"MEXICO DF","SIX FLAGS TAQUILLA 01",4,4
"ZAPOPAN","GIGANTE",2,2
"GUADALAJARA","FARM GUADALAJARA",4,4
"TLAQUEPAQUE","EEN0310271G7 GAS",4,4
"ZAPOPAN ","LOS CUNADOS",4,4
"MEXICO DF","ETN",4,4
"GUADALAJARA","BANNY",4,4
"GUADALAJARA","CAFET",4,4
"GUADALAJARA","RNC 9310287DA GAS",4,4
"GUADALAJARA","ELEC VARIEDADES",4,4
"GUADALAJARA","CAS000831GQ5 GAS",4,4
"TONALA","COSTCO GUADALAJARA",4,4
"GUADALAJARA","GIGANTE",2,2
"TLAJOMULCO D","WALMART",3,3
"ZAPOPAN ","CABLEVISION",4,4
"ZAPOPAN","FARM GUADALAJARA",4,4
"","PAGOS INTERBANCARIOS",4,4
"GUADALAJARA","CALZADO VEL",4,4
"SAN JOSE DEL","COMERCIAL MEXICANA",4,4
"SN P GARZA GA","AXTEL",4,4
"GUADALAJARA","FARM GUADALAJARA",4,4
"ZAPOPAN ","SAMS",4,4
"GUADALAJARA","SLM701208JZ6 GAS",4,4
"MEXICO DF","MAS TV SENAL CAB",4,4
"TLAQUEPAQUE","FARM GUADALAJARA",4,4
"GUADALAJARA","SORIANA",4,4
"GUADALAJARA","7 CHEDRAUI",4,4
"MEXICO DF","INNOVA",4,4
"GUADALAJARA","FANTASIAS MIGUEL",4,4
"ZAPOPAN ","CABLEVISION",4,4
"ZAPOPAN ","FARM GUADALAJARA",4,4
"ZAPOPAN ","FARM GUADALAJARA",4,4
"GUADALAJARA","ROPA Y NOVEDADES LUCY",4,4
"ZAPOPAN ","MISTER TENNIS",4,4
"ZAPOPAN ","PASTELERIAS OK",4,4
"GUADALAJARA","FARM GUADALAJARA",4,4
"GUADALAJARA","WALMART",3,3
"MORELIA","CINEPOLIS",4,4
"GUADALAJARA","FARM GUADALAJARA",4,4
"ZAPOPAN ","FARM GUADALAJARA",4,4
"TLAJOMULCO D","BODEGA AURRERA",4,4
"GUADALAJARA","BOL GUADALAJARA",4,4
"ZAPOPAN ","SIZ9709035S9 GAS",4,4
"ZAPOPAN ","PAST CAF MIKY S RL CV",4,4
"MEXICO DF","CLICK MEXICANA VT",4,4
"MEXICO DF","CLICK MEXICANA VT",4,4
"ZAPOPAN","SAMBA GDL GRAN PZA II",4,4
"ZAPOPAN","SAMBA GDL GRAN PZA II",4,4
"ZAPOPAN ","CABLEVISION",4,4
"EL SALTO","MOTEL AEROPUERTO",4,4
"ZAPOPAN ","STEREN",4,4
"ZAPOPAN ","FARM GUADALAJARA",4,4
"TLAJOMULCO D","SAM S PALOMAR",4,4
"GUADALAJARA","FABRICAS DE FRANCIA",4,4
"GUADALAJARA","FARM GUADALAJARA",4,4
"ZAPOPAN","SANBORNS",4,4
"ZAPOPAN","FARM GUADALAJARA",4,4
"ZAPOPAN ","FARM GUADALAJARA",4,4
"TONALA ","FARM GUADALAJARA",4,4
"TLAQUEPAQUE","BODEGA AURRERA",4,4
"ZAPOPAN ","CABLEVISION",4,4
"MORELIA","CINEPOLIS",4,4
"TONALA ","FARM GUADALAJARA",4,4
"ZAPOPAN ","FARM GUADALAJARA",4,4
"GUADALAJARA","FARM GUADALAJARA",4,4
"CORREGIDORA","SEG MONTERREY NYL",4,4
"ZAPOPAN","GIGANTE",2,2
"ZAPOPAN","FARM GUADALAJARA",4,4
"ZAPOPAN","FARM GUADALAJARA",4,4
"TONALA","COSTCO GUADALAJARA",4,4
"GUADALAJARA","JESS CO",4,4
"TLAQUEPAQUE","ETN",4,4
"GUADALAJARA","WALMART",3,3
"GUADALAJARA","CEMEX CONCRETOS",4,4
"ZAPOPAN ","SAMS",4,4
"ZAPOPAN","FARM GUADALAJARA",4,4
"ZAPOPAN ","CABLEVISION",4,4
"GUADALAJARA","FARM GUADALAJARA",4,4
"GUADALAJARA","TITAS SPORT S CENTER",4,4
"GUADALAJARA","PAPILLON AV REVOLUCION",4,4
"GUADALAJARA","TITAS SPORT S CENTER",4,4
"ZAPOPAN ","CARL S JR",4,4
"GUADALAJARA","FARM GUADALAJARA",4,4
"GUADALAJARA","FARM GUADALAJARA",4,4
"GUADALAJARA","GIGANTE",2,2
"ZAPOPAN ","SAMS",4,4
"GUADALAJARA","BENAVIDES",4,4
"GUADALAJARA","BENAVIDES",4,4
"GUADALAJARA","SUPERAMA",4,4
"TLAJOMULCO D","FARM GUADALAJARA",4,4
"ZAPOPAN ","HIPER BUGAMBILIAS 16",4,4
"GUADALAJARA","FARM GUADALAJARA",4,4
"MORELIA","CINEPOLIS",4,4
"MORELIA","CINEPOLIS",4,4
"GUADALAJARA","FARM GUADALAJARA",4,4
"CULIACAN SIN","PASTELERIAS PANAMA 02",4,4
"ZAPOPAN ","SORIANA",4,4
"MEXICO DF","REC H SEVILLA PALACE",4,4
"GUADALAJARA","LA SURTIDORA 01",4,4
"GUADALAJARA","BODEGA AURRERA",4,4
"GUADALAJARA","GVI660404PD1 GAS",4,4
"GUADALAJARA","FARM GUADALAJARA",4,4
"ZAPOPAN ","SORIANA",4,4
"ZAPOPAN ","SORIANA",4,4
"GUADALAJARA","BODEGA AURRERA",4,4
"GUADALAJARA","FARM GUADALAJARA",4,4
"ZAPOPAN ","CABLEVISION",4,4
"ZAPOPAN ","ZABO640601KN8 GAS",4,4
"GUADALAJARA","MEGA",4,4
"ZAPOPAN","FARM GUADALAJARA",4,4
"GUADALAJARA","CAFET",4,4
"NAUCALPAN EM","CINEPOLIS",4,4
"TONALA","FARM GUADALAJARA",4,4
"GUADALAJARA","FARM GUADALAJARA",4,4
"GUADALAJARA","MCA020415FY9 GAS",4,4
"ZAPOPAN ","FARM GUADALAJARA",4,4
"TLAJOMULCO","MARSEL GUADALAJARA",4,4
"ZAPOPAN","FARM GUADALAJARA",4,4
"GUADALAJARA","OFFICE DEPOT",4,4
"ZAPOTLANEJO J","GIANNI S BOUT",4,4
"GUADALAJARA","WALMART",3,3
"ZAPOPAN ","CABLEVISION",4,4
"TONALA ","GCO030210ME9 GAS",4,4
"ZAPOPAN","GIGANTE",2,2
"TLAJOMULCO D","FARM GUADALAJARA",4,4
"ZAPOPAN","SANBORNS",4,4
"ZAPOPAN ","CABLEVISION",4,4
"GUADALAJARA","PERFUMERIA MODERNA",4,4
"GUADALAJARA","FARM GUADALAJARA",4,4
"GUADALAJARA","FARM GUADALAJARA",4,4
"GUADALAJARA","FARM GUADALAJARA",4,4
"GUADALAJARA","FARM GUADALAJARA",4,4
"GUADALAJARA","FARM GUADALAJARA",4,4
"GUADALAJARA","FARM DERMATOLOGICA",4,4
"GUADALAJARA","TELCEL",4,4
"GUADALAJARA","GNP NAL PROVINCIAL 06",4,4
"GUADALAJARA","EL CRISOL DE LA PSIC 1",4,4
"GUADALAJARA","COMERCIO GARCIA",4,4
"SN P GARZA GA","AXTEL",4,4
"ZAPOPAN","GIGANTE",2,2
"TLAQUEPAQUE","BODEGA AURRERA",4,4
"TLAJOMULCO D","EPL031124JV2 GAS",4,4
"TLAQUEPAQUE","WALMART",3,3
"GUADALAJARA","ELECT SAN JOSE",4,4
"TONALA ","ESS0309154M2 GAS",4,4
"GUADALAJARA","FARM GUADALAJARA",4,4
"ZAPOPAN ","WALMART",3,3
"TALA ","FARM GUADALAJARA",4,4
"GUADALAJARA","FARM GUADALAJARA",4,4
"ZAPOPAN ","CABLEVISION",4,4
"GUADALAJARA","SUPER LA PLAYA",4,4
"GUADALAJARA","FARM GUADALAJARA",4,4
"GUADALAJARA","GBD031003B28 GAS",4,4
"GUADALAJARA","NEXTEL",4,4
"GUADALAJARA","FARM GUADALAJARA",4,4
"GUADALAJARA","WALMART",3,3
"GUADALAJARA","TELCEL",4,4
"MEXICO DF","GPO940701I40 GAS",4,4
"ZAPOPAN ","WALMART",3,3
"GUADALAJARA","FARM GUADALAJARA",4,4
"GUADALAJARA","FARM GUADALAJARA",4,4
"GUADALAJARA","FARM GUADALAJARA",4,4
"GUADALAJARA","MEGA",4,4
"ZAPOPAN ","FARM GUADALAJARA",4,4
"PTO VALLARTAR","FARM GUADALAJARA",4,4
"ZAPOPAN ","FARM GUADALAJARA",4,4
"ZAPOPAN ","WALMART",3,3
"MONTERREY","MARY KAY COSMET MEX 01",4,4
"PTO VALLARTA","SUPER LA PLAYA",4,4
"ZAPOPAN ","FARMACIAS SIMILARES",1,1
"GUADALAJARA","BODEGA AURRERA",4,4
"ZAPOPAN ","BODEGA AURRERA",4,4
"ZAPOPAN","LAILA INTIMA",4,4
"GUADALAJARA","GIGANTE",2,2
"ZAPOPAN","BENAVIDES",4,4
"GUADALAJARA","FARM GUADALAJARA",4,4
"TLAQUEPAQUE","FARM GUADALAJARA",4,4
"GUADALAJARA","BODEGA AURRERA",4,4
"ZAPOPAN ","HIPER BUGAMBILIAS 16",4,4
"GUADALAJARA","FARM GUADALAJARA",4,4
"GUADALAJARA","GIGANTE",2,2
"GUADALAJARA","GIGANTE",2,2
"GUADALAJARA","GIGANTE",2,2
"GUADALAJARA","GIGANTE",2,2
"ZAPOPAN ","7 ELEVEN",4,4
"GUADALAJARA","MC DONALDS AMERICAS",4,4
"GUADALAJARA","RNC 9310287DA GAS",4,4
"ZAPOPAN ","MARTI GALS GUAD",4,4
"TONALA ","WALMART",3,3
"GUADALAJARA","TELCEL",4,4
"GUADALAJARA","INST CIENCIAS COMPU",4,4
"MEXICO DF","AIG1 MEX 01800 0064200",4,4
"ZAPOPAN ","FARM GUADALAJARA",4,4
"GUADALAJARA","LA ESTRELLA 03",4,4
"GUADALAJARA","FARM GUADALAJARA",4,4
"GUADALAJARA","WALMART",3,3
"MEXICO DF","SEG DANOS ACCIDENT",4,4
"MORELIA","CINEPOLIS",4,4
"GUADALAJARA","GIGANTE",2,2
"GUADALAJARA","GIGANTE",2,2
"ZAPOPAN ","SORIANA",4,4
"ZAPOPAN","GIGANTE",2,2
"ZAPOPAN ","WALMART",3,3
"GUADALAJARA","AXTEL",4,4
"ZAPOPAN ","SIZ9709035S9 GAS",4,4
"GUADALAJARA","SOB940212F19 GAS",4,4
"GUADALAJARA","FARM GUADALAJARA",4,4
"ZAPOPAN","FARM GUADALAJARA",4,4
"GUADALAJARA","FARMACIAS SIMILARES",1,1
"TLAJOMULCO D","FARM GUADALAJARA",4,4
"TLAQUEPAQUE","WALMART",3,3
"ZAPOPAN","GIGANTE",2,2
"ZAPOPAN ","FARM GUADALAJARA",4,4
"GUADALAJARA","FARM GUADALAJARA",4,4
"MEXICO DF","SEG BBVA RES CANCER VT",4,4
"MEXICO DF","SEG BBVA RES CANCER VT",4,4
"GUADALAJARA","TELCEL",4,4
"ZAPOPAN ","LIVERPOOL",4,4
"TLAJOMULCO D","SAM S PALOMAR",4,4
"GUADALAJARA","FARM GUADALAJARA",4,4
"GUADALAJARA","SAMS",4,4
"GUADALAJARA","SLM701208JZ6 GAS",4,4
"GUADALAJARA","SUPER XX",4,4
"GUADALAJARA","FINA S",4,4
"ZAPOPAN","FARM GUADALAJARA",4,4
"ZAPOPAN ","CABLEVISION",4,4
"GUADALAJARA","FARM GUADALAJARA",4,4
"TLAJOMULCO D","FARM GUADALAJARA",4,4
"ZAPOPAN ","REST BAR EL CAMPESINO",4,4
"ZAPOPAN ","CABLEVISION",4,4
"ZAPOPAN","GIGANTE",2,2
"TONALA ","WALMART",3,3
"GUADALAJARA","WALMART",3,3
"ZAPOPAN ","SU SUPER",4,4
"ZAPOPAN ","SIZ9709035S9 GAS",4,4
"GUADALAJARA","POLLO PEPE",4,4
"ZAPOPAN ","CAS000831GQ5 GAS",4,4
"GUADALAJARA","PLASTIPIN ESCOLAR",4,4
"ZAPOPAN","GIGANTE",2,2
"GUADALAJARA","LA TERRAZA D LA ABUELA",4,4
"GUADALAJARA","AZULEJOS Y COM",4,4
"ZAPOPAN","GIGANTE",2,2
"TLAJOMULCO D","FARM GUADALAJARA",4,4
"TLAJOMULCO D","FARM GUADALAJARA",4,4
"GUADALAJARA","GIGANTE",2,2
"PTO VALLARTA","COMERCIAL MEXICANA",4,4
"GUADALAJARA","NOVEDADES LUCERO",4,4
"GUADALAJARA","BODEGA AURRERA",4,4
"GUADALAJARA","BODEGA AURRERA",4,4
"TLAJOMULCO D","WALMART",3,3
"GUADALAJARA","BOLERAMA TAPATIO",4,4
"GUADALAJARA","EXPO RENT A CAR",4,4
"MEXICO DF","AIG1 MEX 01800 0064200",4,4
"GUADALAJARA","TUR050706DA1 GAS",4,4
"ZAPOPAN","FARM GUADALAJARA",4,4
"TLAQUEPAQUE","GIGANTE",2,2
"TLAQUEPAQUE","BODEGA AURRERA",4,4
"CONCEPCION DE","HOTEL HAC SAN JAVIER",4,4
"GUADALAJARA","CALZADO FG",4,4
"GUADALAJARA","WALMART",3,3
"GUADALAJARA","WALMART",3,3
"GUADALAJARA","TELCEL",4,4
"ZAPOPAN ","DISENOS DE CARTON",4,4
"GUADALAJARA","TUR050706DA1 GAS",4,4
"ZAPOPAN ","FARM GUADALAJARA",4,4
"ZAPOPAN ","MERKA COMERCIALIZ",4,4
"ZAPOPAN ","CABLEVISION",4,4
"GUADALAJARA","FARM GUADALAJARA",4,4
"GUADALAJARA","COMERCIO GARCIA",4,4
"ZAPOPAN ","CABLEVISION",4,4
"MONTERREY","MM CINEMAS",4,4
"GUADALAJARA","FARM GUADALAJARA",4,4
"GUADALAJARA","FARM GUADALAJARA",4,4
"ZAPOPAN ","GME020129CN5 GAS",4,4
"ZAPOPAN ","WALMART",3,3
"MORELIA","CINEPOLIS",4,4
"MORELIA","CINEPOLIS",4,4
"GUADALAJARA","SORIANA",4,4
"GUADALAJARA","LA SURTIDORA 01",4,4
"GUADALAJARA","FARM GUADALAJARA",4,4
"ZAPOPAN","FARM GUADALAJARA",4,4
"ZAPOPAN","FARM GUADALAJARA",4,4
"ZAPOPAN ","CABLEVISION",4,4
"","PAGOS INTERBANCARIOS",4,4
"GUADALAJARA","LOB",4,4
"TIJUANA BCN","BOP970701TK2 GAS",4,4
"ENSENADA BCN","MUMA430915RE3 GAS",4,4
"ENSENADA BCN","MUMA430915RE3 GAS",4,4
"GUADALAJARA","BE ES",4,4
"GUADALAJARA","BODEGA AURRERA",4,4
"GUADALAJARA","WALMART",3,3
"TLAJOMULCO","GIGANTE",2,2
"GUADALAJARA","SIAPA",4,4
"ZAPOPAN ","FARM GUADALAJARA",4,4
"ZAPOPAN ","LA MARTINICA",4,4
"GUADALAJARA","SAMS",4,4
"GUADALAJARA","NUCLEO DE DIAGNOSTICO",4,4
"GUADALAJARA","TELCEL",4,4
"GUADALAJARA","GJO960516GR6 GAS",4,4
"GUADALAJARA","BODEGA AURRERA",4,4
"ZAPOPAN ","R S PLAZA CORDILLERAS",4,4
"ZAPOPAN ","SORIANA",4,4
"GUADALAJARA","SEGUROS MONTERREY",4,4
"GUADALAJARA","SANBORNS",4,4
"GUADALAJARA","FARM GUADALAJARA",4,4
"GUADALAJARA","CAS000831GQ5 GAS",4,4
"ZAPOPAN ","MAS KOTA GUAD I",4,4
"ZAPOPAN ","SORIANA",4,4
"TLAQUEPAQUE","SAU8003152B5 GAS",4,4
"GUADALAJARA","CINEPOLIS",4,4
"TLAQUEPAQUE","FARM GUADALAJARA",4,4
"TLAQUEPAQUE","FARM GUADALAJARA",4,4
"GUADALAJARA","FARM GUADALAJARA",4,4
"TONALA ","ROLCAR",4,4
"GUADALAJARA","BODEGA AURRERA",4,4
"GUADALAJARA","COM EREC",4,4
"ZAPOPAN ","MARTI",4,4
"ZAPOPAN ","FARM GUADALAJARA",4,4
"ZAPOPAN","LOB",4,4
"MEXICO DF","BURO DE CREDITO",4,4
"GUADALAJARA","WALDOS6618GUADALAJARAC",4,4
"GUADALAJARA","FARMS ABC",4,4
"GUADALAJARA","SORIANA",4,4
"GUADALAJARA","TELCEL",4,4
"GUADALAJARA","FARM GUADALAJARA",4,4
"ZAPOPAN","FARM GUADALAJARA",4,4
"MEXICO DF","SANBORNS",4,4
"GUADALAJARA","FARM GUADALAJARA",4,4
"CIHUATLAN ","LA HERRADURA",4,4
"ZAPOPAN","GIGANTE",2,2
"GUADALAJARA","FARM GUADALAJARA",4,4
"GUADALAJARA","FARM GUADALAJARA",4,4
"GUADALAJARA","7 CHEDRAUI",4,4
"GUADALAJARA","FARM GUADALAJARA",4,4
"ZAPOPAN ","SIAPA",4,4
"MONTERREY","NIC MEXICO",4,4
"GUADALAJARA","7 CHEDRAUI",4,4
"GUADALAJARA","ZAFIRO COLECCION",4,4
"ZAPOPAN","TELCEL",4,4
"APODACA NL","EXPENDEDORA DE BTOS II",4,4
"MONTERREY","RECEP HAMPTON INN",4,4
"GUADALAJARA","BENAVIDES",4,4
"GUADALAJARA","SORIANA",4,4
"GUADALAJARA","TELCEL",4,4
"ZAPOPAN ","FARM GUADALAJARA",4,4
"GUADALAJARA","FARM GUADALAJARA",4,4
"ZAPOPAN ","SUBURBIA",4,4
"GUADALAJARA","FARM GUADALAJARA",4,4
"ZAPOPAN","GSZ9708132P5 GAS",4,4
"GUADALAJARA","FARM GUADALAJARA",4,4
"ZAPOPAN","FARM GUADALAJARA",4,4
"GUADALAJARA","FARM GUADALAJARA",4,4
"ZAPOPAN ","CABLEVISION",4,4
"GUADALAJARA","BENAVIDES",4,4
"GUADALAJARA","STARBUCKS",4,4
"MEXICO DF","SAMS",4,4
"GUADALAJARA","BOL GUADALAJARA",4,4
"ZAPOPAN","ZAP DIONE PLAZA PATRIA",4,4
"ZAPOPAN ","CABLEVISION",4,4
"ZAPOPAN ","TOU000718SG4 GAS",4,4
"GUADALAJARA","FARM GUADALAJARA",4,4
"GUADALAJARA","FARM GUADALAJARA",4,4
"GUADALAJARA","FARM GUADALAJARA",4,4
"TLAQUEPAQUE","BENAVIDES",4,4
"GUADALAJARA","CINEPOLIS",4,4
"GUADALAJARA","TELCEL",4,4
"GUADALAJARA","WALMART",3,3
"MEXICO DF","TELMEX",4,4
"MEXICO DF","AIG1 MEX 01800 0064200",4,4
"MEXICO DF","AIG1 MEX 01800 0064200",4,4
"ZAPOPAN ","SORIANA",4,4
"GUADALAJARA","BODEGA AURRERA",4,4
"PTO VALLARTA","ETN",4,4
"ZAPOPAN ","FARM GUADALAJARA",4,4
"TLAQUEPAQUE","TELCEL",4,4
"GUADALAJARA","FABRICAS DE FRANCIA",4,4
"GUADALAJARA","FARM GUADALAJARA",4,4
"ZAPOPAN","FARM GUADALAJARA",4,4
"ZAPOPAN ","DIST JUGUETRON GALGUA1",4,4
"ZAPOPAN ","SORIANA",4,4
"ZAPOPAN ","FABRICAS DE FRANCIA",4,4
"MEXICO DF","USANA MEXICO",4,4
"GUADALAJARA","ROJO SANDIA",4,4
"GUADALAJARA","JOM METODOS GUA",4,4
"ZAPOPAN ","CABLEVISION",4,4
"GUADALAJARA","TUR050706DA1 GAS",4,4
"","*** SU PAGO GRACIAS ***",4,4
"GUADALAJARA","FARM GUADALAJARA",4,4
"MORELIA","CINEPOLIS",4,4
"GUADALAJARA","EL FAROLITO 1",4,4
"GUADALAJARA","WALMART",3,3
"ZAPOPAN ","VIPS",4,4
"TLAQUEPAQUE","HOME DEPOT",4,4
"GUADALAJARA","FARM GUADALAJARA",4,4
"GUADALAJARA","CAS000831GQ5 GAS",4,4
"MEXICO DF","SKY RETENCIONES",4,4
"GUADALAJARA","WALDOS6607GDLJUANMANUE",4,4
"TONALA","FARM GUADALAJARA",4,4
"ZAPOPAN ","MCA0204155U3 GAS",4,4
"GUADALAJARA","FARM GUADALAJARA",4,4
"GUADALAJARA","MARISENS",4,4
"GUADALAJARA","BENAVIDES",4,4
"GUADALAJARA","PAPILLON",4,4
"GUADALAJARA","UAG7806127I8 GAS",4,4
"MEXICO DF","BURO DE CREDITO",4,4
"GUADALAJARA","PAPELERIA FUNCIONAL",4,4
"GUADALAJARA","BENAVIDES",4,4
"ZAPOPAN ","FARM GUADALAJARA",4,4
"TLAJOMULCO D","SAM S PALOMAR",4,4
"GUADALAJARA","WALMART",3,3
"ZAPOPAN ","LIVERPOOL",4,4
"ZAPOPAN","GOC 930330 1F4 GAS",4,4
"ESCOBEDO NL","SORIANA",4,4
"MEXICO DF","SKY TV DC",4,4
"MONTERREY","JULIO CEPEDA JUGUETERI",4,4
"MONTERREY","JULIO CEPEDA JUGUETERI",4,4
"ZAPOPAN ","FARM GUADALAJARA",4,4
"MONTERREY","MARY KAY COSMET MEX 01",4,4
"ZAPOPAN ","FARM GUADALAJARA",4,4
"ZAPOPAN","GSZ9708132P5 GAS",4,4
"GUADALAJARA","GIGANTE",2,2
"GUADALAJARA","GIGANTE",2,2
"GUADALAJARA","ZOOLOGICO GUADAL 5",4,4
"ZAPOPAN ","HOME DEPOT",4,4
"GUADALAJARA","GIGANTE",2,2
"ZAPOPAN ","7 ELEVEN",4,4
"GUADALAJARA","PAPELERIA MV",4,4
"ZAPOPAN","FARM GUADALAJARA",4,4
"GUADALAJARA","FARM GUADALAJARA",4,4
"GUADALAJARA","BODEGA AURRERA",4,4
"GUADALAJARA","FARM GUADALAJARA",4,4
"GUADALAJARA","TENIS WALDO",4,4
"GUADALAJARA","FARM GUADALAJARA",4,4
"TLAJOMULCO D","BODEGA AURRERA",4,4
"GUADALAJARA","BODEGA AURRERA",4,4
"GUADALAJARA","GIGANTE",2,2
"GUADALAJARA","AMERCIAN STUDIOS",4,4
"CHAPALA ","SORIANA",4,4
"GUADALAJARA","WALMART",3,3
"GUADALAJARA","FARM GUADALAJARA",4,4
"ZAPOPAN","BOLERAMA TAPATIO CALMA",4,4
"MONTERREY","MARY KAY COSMET MEX 01",4,4
"ZAPOPAN ","FABRICAS DE FRANCIA",4,4
"ZAPOPAN","FARM GUADALAJARA",4,4
"GUADALAJARA","GIGANTE",2,2
"GUADALAJARA","MCA020415FY9 GAS",4,4
"GUADALAJARA","FARM GUADALAJARA",4,4
"GUADALAJARA","MIXUP CENTRO MAGNO",4,4
"MEXICO DF","INTERJET",4,4
"GUADALAJARA","FARM GUADALAJARA",4,4
"GUADALAJARA","FARM GUADALAJARA",4,4
"GUADALAJARA","TELCEL",4,4
"GUADALAJARA","SANBORNS",4,4
"TONALA ","WALMART",3,3
"GUADALAJARA","BODEGA AURRERA",4,4
"GUADALAJARA","BODEGA AURRERA",4,4
"TLAJOMULCO D","FARM GUADALAJARA",4,4
"ZAPOPAN","GIGANTE",2,2
"ZAPOPAN","GIGANTE",2,2
"GUADALAJARA","SEARS",4,4
"GUADALAJARA","SANTORY GUADALAJARA",4,4
"TALA ","FARM GUADALAJARA",4,4
"GUADALAJARA","COMSISA",4,4
"ZAPOPAN ","LIVERPOOL",4,4
"SANTA CATARIN","AXTEL",4,4
"GUADALAJARA","TELCEL",4,4
"ZAPOPAN ","CABLEVISION",4,4
"TLAJOMULCO D","WALMART",3,3
"GUADALAJARA","7 ELEVEN",4,4
"ZAPOPAN","SUPER LA PLAYA",4,4
"ZAPOPAN","GIGANTE",2,2
"GUADALAJARA","GIGANTE",2,2
"TONALA ","FARM GUADALAJARA",4,4
"ZAPOPAN","GIGANTE",2,2
"ZAPOPAN ","SORIANA",4,4
"GUADALAJARA","FARM GUADALAJARA",4,4
"GUADALAJARA","LA MZ TDA NATURISTA",4,4
"TLAQUEPAQUE","EEN0310271G7 GAS",4,4
"ZAPOPAN ","STE970924PP4 GAS",4,4
"GUADALAJARA","BODEGA AURRERA",4,4
"TLAJOMULCO D","WALMART",3,3
"ZAPOPAN ","CABLEVISION",4,4
"ZAPOPAN ","CABLEVISION",4,4
"ZAPOPAN ","CABLEVISION",4,4
"ZAPOPAN ","BODEGA AURRERA",4,4
"GUADALAJARA","WALMART",3,3
"GUADALAJARA","MR CD AV MEXICO",4,4
"ZAPOPAN","GIGANTE",2,2
"MORELIA","CINEPOLIS",4,4
"ZAPOPAN ","CABLEVISION",4,4
"GUADALAJARA","FARM ABC",4,4
"ZAPOPAN ","CABLEVISION",4,4
"ZAPOPAN ","SAC680430JP6 GAS",4,4
"GUADALAJARA","7 CHEDRAUI",4,4
"GUADALAJARA","BENAVIDES",4,4
"ZAPOPAN ","FARM GUADALAJARA",4,4
"GUADALAJARA","HOTEL ABASTOS",4,4
"ZAPOPAN ","WALMART",3,3
"ZAPOPAN","SUPER LA PLAYA",4,4
"MEXICO DF","SKY TV DC",4,4
"ZAPOPAN","BERSHKA PZA DEL SOL",4,4
"GUADALAJARA","BODEGA AURRERA",4,4
"GUADALAJARA","BODEGA AURRERA",4,4
"GUADALAJARA","FARM GUADALAJARA",4,4
"GUADALAJARA","OVI CAFE",4,4
"ZAPOPAN ","SAMS",4,4
"MEXICO DF","O DE M",4,4
"LEON","VINATERIA LOS ANDES",4,4
"GUADALAJARA","WALMART",3,3
"ZAPOPAN ","TELAS PARISINA",4,4
"GUADALAJARA","SAMS",4,4
"GUADALAJARA","CINEPOLIS",4,4
"ZAPOPAN","FARM GUADALAJARA",4,4
"ZAPOPAN","FARM GUADALAJARA",4,4
"ZAPOPAN ","BODEGA AURRERA",4,4
"ZINAPECUARO M","CASETA ZINAPECUARO",4,4
"PANINDICUARO","CASETA PANINDICUARO",4,4
"GUADALAJARA","GIGANTE",2,2
"ZAPOPAN ","CABLEVISION",4,4
"GUADALAJARA","BODEGA AURRERA",4,4
"GUADALAJARA","MUEB AMERICA INDUSTRIA",4,4
"GUADALAJARA","SUPER LA PLAYA",4,4
"FRESNILLO ZAC","BODEGA AURRERA",4,4
"FRESNILLO ZAC","BODEGA AURRERA",4,4
"ZAPOPAN ","FARM GUADALAJARA",4,4
"ZAPOPAN","FARM GUADALAJARA",4,4
"ZAPOPAN ","BENAVIDES",4,4
"ZAPOPAN ","BENAVIDES",4,4
"TLAQUEPAQUE","SAU8003152B5 GAS",4,4
"GUADALAJARA","SUPER LA PLAYA",4,4
"GUADALAJARA","BONN PASS",4,4
"GUADALAJARA","BODEGA AURRERA",4,4
"GUADALAJARA","FERRETERIA NUEVO CISNE",4,4
"GUADALAJARA","GIGANTE",2,2
"GUADALAJARA","MGA060309HX1 GAS",4,4
"GUADALAJARA","FARM GUADALAJARA",4,4
"GUADALAJARA","FARM GUADALAJARA",4,4
"GUADALAJARA","FARM GUADALAJARA",4,4
"GUADALAJARA","GIGANTE",2,2
"GUADALAJARA","FARM GUADALAJARA",4,4
"PTO VALLARTAR","HOT PRESID INTERCONT",4,4
"ZAPOPAN ","LIVERPOOL",4,4
"GUADALAJARA","FARM GUADALAJARA",4,4
"GUADALAJARA","TELCEL",4,4
"TLAJOMULCO D","FARM GUADALAJARA",4,4
"TLAQUEPAQUE","PSE6602015CA GAS",4,4
"GUADALAJARA","7 CHEDRAUI",4,4
"PTO VALLARTAR","REST BAR PLAYA",4,4
"GUADALAJARA","WALMART",3,3
"ZAPOPAN","FARM GUADALAJARA",4,4
"ZAPOPAN ","FARM GUADALAJARA",4,4
"GUADALAJARA","TELAS PARISINA",4,4
"ZAPOPAN","GIGANTE",2,2
"ZAPOPAN ","CABLEVISION",4,4
"GUADALAJARA","LOB",4,4
"MEXICO DF","MEX INFOVISA CC",4,4
"MEXICO DF","SEG ING",4,4
"MEXICO DF","SEG ING",4,4
"GUADALAJARA","EL INFORMADOR",4,4
"GUADALAJARA","EL INFORMADOR",4,4
"GUADALAJARA","SORIANA",4,4
"GUADALAJARA","TU OTRO YO PERFUME",4,4
"MEXICO DF","AIG1 MEX 01800 0064200",4,4
"MEXICO DF","AIG1 MEX 01800 0064200",4,4
"MEXICO DF","EGO NET RENTAS",4,4
"TLAJOMULCO D","REST LOS TRES POTRILLO",4,4
"ZAPOPAN ","WALMART",3,3
"GUADALAJARA","CERRAJES MEXICO",4,4
"GUADALAJARA","LIMON",4,4
"ZAPOPAN ","TELAS PARISINA",4,4
"ZAPOPAN ","SANTA MONICA TEXTIL",4,4
"GUADALAJARA","WALMART",3,3
"GUADALAJARA","BODEGA AURRERA",4,4
"GUADALAJARA","FLOSOL MOTORS",4,4
"GUADALAJARA","FLOSOL MOTORS",4,4
"TARETAN MICH","CASETA TARETAN",4,4
"GUADALAJARA","FARM GUADALAJARA",4,4
"ZAPOPAN ","CABLEVISION",4,4
"MORELIA","FARM GUADALAJARA",4,4
"GUADALAJARA","LA CASA 8A",4,4
"GUADALAJARA","KINDERS MANNYS",4,4
"ZAPOPAN ","FARM GUADALAJARA",4,4
"ZAPOPAN","COMERCIAL MEXICANA",4,4
"TONALA ","FARM GUADALAJARA",4,4
"GUADALAJARA","ATLETICA",4,4
"ZAPOPAN ","CABLEVISION",4,4
"ZAPOPAN ","CABLEVISION",4,4
"MEXICO DF","PROMOJUEGOS DE MEXICO",4,4
"MEXICO DF","TELMEX",4,4
"GUADALAJARA","FARM GUADALAJARA",4,4
"GUADALAJARA","BODEGA AURRERA",4,4
"ZAPOPAN","ANDREA",4,4
"GUADALAJARA","LAB CLINICO",4,4
"ZAPOPAN","NO PROBLEM PZA PATRIA",4,4
"GUADALAJARA","GIGANTE",2,2
"ZAPOPAN ","ARELI REG",4,4
"ZAPOPAN ","SPA0302275M5 GAS",4,4
"GUADALAJARA","FARM GUADALAJARA",4,4
"GUADALAJARA","FARM GUADALAJARA",4,4
"TLAJOMULCO D","FARM GUADALAJARA",4,4
"ZAPOPAN","SEARS",4,4
"GUADALAJARA","MGA060309HX1 GAS",4,4
"TLAQUEPAQUE","REST EL PATIO",4,4
"ZAPOPAN","LAILA INTIMA",4,4
"ZAPOPAN ","SUBURBIA",4,4
"ZAPOPAN ","FARM GUADALAJARA",4,4
"GUADALAJARA","ATLETICA",4,4
"ZAPOPAN ","CABLEVISION",4,4
"ZAPOPAN ","CABLEVISION",4,4
"GUADALAJARA","JYX",4,4
"GUADALAJARA","MULTI EMOTION E PZAAL",4,4
"GUADALAJARA","MULTI EMOTION E PZAAL",4,4
"GUADALAJARA","GVI660404PD1 GAS",4,4
"ZAPOPAN ","CABLEVISION",4,4
"LEON","FARM GUADALAJARA",4,4
"LEON","VIPS",4,4
"LEON","BARA LOS CASTILLOS",4,4
"LEON","DEL SOL SUC 109",4,4
"LEON","SORIANA",4,4
"LEON","FARM GUADALAJARA",4,4
"LEON","BODEGA AURRERA",4,4
"LEON","SORIANA",4,4
"LEON","COMERCIAL MEXICANA",4,4
"MEXICO DF","MAS TV SENAL CAB",4,4
"LEON","SGM950714DC2 GAS",4,4
"LEON","PLATERIA ZAMUDIO",4,4
"LEON","SGR021007138 GAS",4,4
"LEON","HOME DEPOT",4,4
"LEON","SSJ0011225G3 GAS",4,4
"LEON","ZAP 3 HNOS CATALEO 6M",4,4
"LEON","FARM GUADALAJARA",4,4
"LEON","WALMART",3,3
"LEON","SAMS",4,4
"MEXICO DF","NEXTEL",4,4
"LEON","FARM GUADALAJARA",4,4
"LEON","FARM GUADALAJARA",4,4
"LEON","ANDREA",4,4
"LEON","SAMS",4,4
"SILAO","BODEGA AURRERA",4,4
"LEON","REFAC Y AFIN CARRERAS",4,4
"SILAO","BARA CONST SAN JUAN",4,4
"MEXICO DF","EDICIONES CULTRALES IN",4,4
"LEON","ALM DE CALZADO ANGEL",4,4
"LEON","SAN JORGE",4,4
"LEON","FARM GUADALAJARA",4,4
"LEON","FARM GUADALAJARA",4,4
"LEON","WALMART",3,3
"LEON","ISSEG",4,4
"LEON","SAN JORGE",4,4
"LEON","FARM GUADALAJARA",4,4
"LEON","BARA SATURNO",4,4
"LEON","EMYCO PZA MAYOR",4,4
"LEON","SORIANA",4,4
"LEON","WALMART",3,3
"LEON","H E B",4,4
"LEON","H E B",4,4
"LEON","FARM GUADALAJARA",4,4
"LEON","SORIANA",4,4
"LEON","F I LEON RECEP",4,4
"LEON","FARM GUADALAJARA",4,4
"LEON","LA CASA DEL BANO",4,4
"MEXICO DF","MAS TV SENAL CAB",4,4
"LEON","FARM GUADALAJARA",4,4
"LEON","SORIANA",4,4
"MEXICO DF","7 CHEDRAUI",4,4
"LEON","SFO04012933A GAS",4,4
"LEON","EST020619E13 GAS",4,4
"LEON","FARM GUADALAJARA",4,4
"LEON","FARM GUADALAJARA",4,4
"LEON","AUTOZONE 7088",4,4
"","*** SU PAGO GRACIAS ***",4,4
"LEON","WALMART",3,3
"LEON","SGM950714DC2 GAS",4,4
"LEON","WALMART",3,3
"LEON","FARM GUADALAJARA",4,4
"BAHIA DE BAND","GOC9303301F4 GAS",4,4
"LEON","FARM GUADALAJARA",4,4
"LEON","CALZADO CHABELO",4,4
"LEON","7 CHEDRAUI",4,4
"LEON","BODEGA AURRERA",4,4
"LEON","FARM GUADALAJARA",4,4
"LEON","FARM GUADALAJARA",4,4
"LEON","SANBORNS",4,4
"LEON","SORIANA",4,4
"LEON","BODEGA AURRERA",4,4
"","*** SU PAGO GRACIAS ***",4,4
"LEON","MC DONALD S PZA ZAPATO",4,4
"LEON","MC DONALD S PZA ZAPATO",4,4
"LEON","SVE960510280 GAS",4,4
"LEON","WALMART",3,3
"LEON","FARM GUADALAJARA",4,4
"MEXICO DF","SEGU BBVA RESEG CANCER",4,4
"LEON","CCP981009LH7 GAS",4,4
"LEON","KOP940610D11 GAS",4,4
"LEON","BLOCKBUSTER",4,4
"LEON","COMERCIAL MEXICANA",4,4
"LEON","COMERCIAL MEXICANA",4,4
"LEON","LIVERPOOL",4,4
"LEON","LIVERPOOL",4,4
"LEON","LIVERPOOL",4,4
"LEON","TELAS PARISINA",4,4
"LEON","ORTHO DENT",4,4
"LEON","BODEGA AURRERA",4,4
"LEON","FARM GUADALAJARA",4,4
"MEXICO DF","SKY RETENCIONES",4,4
"LEON","COMERCIAL MEXICANA",4,4
"LEON","COMERCIAL MEXICANA",4,4
"LEON","HOSP DEL BAJIO",4,4
"LEON","SISTEMA INTEGRAL HOSP",4,4
"LEON","SGM950714DC2 GAS",4,4
"LEON","GPO FLECHA AMARILLA",4,4
"LEON","GANDHI LEON",4,4
"LEON","COMERCIAL MEXICANA",4,4
"LEON","COMERCIAL MEXICANA",4,4
"LEON","COMERCIAL MEXICANA",4,4
"LEON","CCP981009LH7 GAS",4,4
"LEON","WALMART",3,3
"LEON","SLN840412JD4 GAS",4,4
"LEON","SSJ000613P72 GAS",4,4
"LEON","BODEGA AURRERA",4,4
"LEON","WALMART",3,3
"LEON","BODEGA AURRERA",4,4
"LEON","BODEGA AURRERA",4,4
"LEON","QUICK LEARNING",4,4
"LEON","COMERCIAL MEXICANA",4,4
"LEON","ISSEG",4,4
"LEON","JOY",4,4
"LEON","CLE010511AI2 GAS",4,4
"LEON","BODEGA AURRERA",4,4
"LEON","HOME DEPOT",4,4
"LEON","BLOCKBUSTER",4,4
"LEON","TELAS PARISINA",4,4
"LEON","WALMART",3,3
"LEON","SRIA FINANZAS Y ADMON",4,4
"LEON","SGM950714DC2 GAS",4,4
"LEON","TELCEL",4,4
"LEON","DIGITAL PCS",4,4
"LEON","SSJ000613P72 GAS",4,4
"LEON","COMERCIAL MEXICANA",4,4
"LEON","BRI960503NW1 GAS",4,4
"SILAO","BODEGA AURRERA",4,4
"LEON","FARM GUADALAJARA",4,4
"LEON","WALDOS6502JARDINESDELM",4,4
"LEON","CAYC IMPORTACIONES 1",4,4
"LEON","SGM950714DC2 GAS",4,4
"LEON","SPA9906242N3 GAS",4,4
"SILAO","GIGANTE",2,2
"LEON","SBA950215KG9 GAS",4,4
"LEON","ZEGAMA",4,4
"LEON","SFA020123FJ0 GAS",4,4
"LEON","WALMART",3,3
"LEON","BODEGA AURRERA",4,4
"LEON","BODEGA AURRERA",4,4
"LEON","WALMART",3,3
"LEON","MARTI",4,4
"LEON","SAMBA LEON I",4,4
"LEON","SFE930917NY9 GAS",4,4
"LEON","FARM GUADALAJARA",4,4
"LEON","FARM GUADALAJARA",4,4
"LEON","NAL MONTE DE PIEDAD 70",4,4
"LEON","WALMART",3,3
"LEON","SISTEMA INTEGRAL HOSP",4,4
"LEON","BODEGA AURRERA",4,4
"LEON","SGR040422JN1 GAS",4,4
"LEON","COMERCIAL MEXICANA",4,4
"LEON","SAPAL LEON HIDALGO",4,4
"LEON","WALDOS SUC 6501",4,4
"LEON","SORIANA",4,4
"LEON","FARM GUADALAJARA",4,4
"LEON","COSTCO LEON",4,4
"LEON","BODEGA AURRERA",4,4
"LEON","BODEGA AURRERA",4,4
"LEON","VIPD CLOUTHIER",4,4
"LEON","SEL 070521C37 GAS",4,4
"LAGOS DE MORE","CCC960731NZ2 GAS",4,4
"LEON","WALMART",3,3
"LEON","SAMS",4,4
"ORIZABA","IDEAS GLAMUR OTE 6",4,4
"MORELIA","CINEPOLIS",4,4
"LEON","ESH920210N26 GAS",4,4
"LEON","BENAVIDES",4,4
"LEON","SHI980814KE9 GAS",4,4
"LEON","LA POUPEE",4,4
"LEON","FARM GUADALAJARA",4,4
"LEON","HOTEL LEON",4,4
"SILAO","BARA BAILLERES",4,4
"LEON","COMERCIALIZAD BRANTANO",4,4
"LEON","FARM GUADALAJARA",4,4
"LEON","BODEGA AURRERA",4,4
"TLALNEPANTLA","NEXTEL",4,4
"MEXICO DF","SEG BBVA RES CANCER VT",4,4
"ZAPOPAN ","CABLEVISION",4,4
"ZAPOPAN ","EXIT CLOTHING",4,4
"ZAPOPAN ","CABLEVISION",4,4
"LEON","SGL9402016D9 GAS",4,4
"SN NICOLAS D","FARM AHORRO BARRAGAN",4,4
"GUADALAJARA","BENAVIDES",4,4
"GUADALAJARA","SPLASH",4,4
"GUADALAJARA","EL GALLO DE JUAREZ",4,4
"APODACA NL","EL OFERTON DE CANTU 3",4,4
"GUADALUPE","H E B",4,4
"MONTERREY","SMART CONTRY",4,4
"SANTA CATARIN","BODEGA AURRERA",4,4
"","*** SU PAGO GRACIAS ***",4,4
"MONTERREY","FLOR CALLI DEL NORTE",4,4
"MONTERREY","SJM831223AL7 GAS",4,4
"GUADALUPE","FARM GUADALAJARA",4,4
"GENERAL ESCOB","BENAVIDES",4,4
"ESCOBEDO NL","SORIANA",4,4
"ESCOBEDO NL","SORIANA",4,4
"ESCOBEDO NL","SORIANA",4,4
"","PAGOS INTERBANCARIOS",4,4
"MONTERREY","TALABARTERIA GON GON",4,4
"SAN NICOLAS","SORIANA",4,4
"SAN NICOLAS","TELCEL",4,4
"","*** SU PAGO GRACIAS ***",4,4
"SAN NICOLAS","H E B",4,4
"MONTERREY","H E B",4,4
"MONTERREY","MM CINEMAS",4,4
"MONTERREY","MM CINEMAS",4,4
"MONTERREY","H E B",4,4
"MEXICO DF","SKY TV DC",4,4
"MONTERREY","VIPS",4,4
"MONTERREY","GHU9908115A4 GAS",4,4
"APODACA NL","SORIANA",4,4
"JUAREZ NL","SORIANA",4,4
"GUADALUPE","SORIANA",4,4
"MONTERREY","ABARROTES CRISTINA",4,4
"GUADALUPE","FARM GUADALAJARA",4,4
"GUADALUPE","ABARROTES GAGO",4,4
"GUADALUPE","ABARROTES GAGO",4,4
"MONTERREY","FARM GUADALAJARA",4,4
"MONTERREY","ONO9507278T4 GAS",4,4
"MONTERREY","CABLEVISION",4,4
"MONTERREY","FARM GUADALAJARA",4,4
"GUADALUPE","SORIANA",4,4
"SAN NICOLAS","BODEGA AURRERA",4,4
"SAN NICOLAS","SORIANA",4,4
"MONTERREY","H E B",4,4
"","*** SU PAGO GRACIAS ***",4,4
"SAN NICOLAS","FARM GUADALAJARA",4,4
"SN NICOLAS D","BILLIARDS POOL",4,4
"SAN P GARZA","HIPERMART SAN PEDRO 14",4,4
"GUADALUPE","SGM950714DC2 GAS",4,4
"SAN NICOLAS","BENAVIDES",4,4
"SANTA CATARIN","BODEGA AURRERA",4,4
"","*** SU PAGO GRACIAS ***",4,4
"MONTERREY","FARM GUADALAJARA",4,4
"ESCOBEDO NL","SORIANA",4,4
"MONTERREY","BENAVIDES",4,4
"GUADALUPE","SORIANA",4,4
"MONTERREY","LACTEOS Y CARNES LOPEZ",4,4
"CIUDAD GUADA","GIGANTE",2,2
"APODACA NL","ELECTROFERRETERA INDUS",4,4
"SAN NICOLAS","PASTELERIA LETY",4,4
"MONTERREY","EL NUEVO MUNDO 2",4,4
"SN NICOLAS D","FARM GUADALAJARA",4,4
"MONTERREY","AUTOMCDOS LEAL",4,4
"MONTERREY","SAMS",4,4
"SANTA CATARIN","FARM LA CADENA",4,4
"SANTA CATARIN","BODEGA AURRERA",4,4
"SN NICOLAS D","WALDOS6335SANNICOLAS N",4,4
"MONTERREY","MEDIOS RECREATIVOS",4,4
"MONTERREY","HEMSA AZTLAN",4,4
"","*** SU PAGO GRACIAS ***",4,4
"SAN NICOLAS","H E B",4,4
"MONTERREY","COSTCO MONTERREY 2",4,4
"GUADALUPE","H E B",4,4
"MONTERREY","FARM GUADALAJARA",4,4
"MONTERREY","MEDICA RENTAL",4,4
"MONTERREY","GIGANTE",2,2
"SANTA CATARIN","SORIANA",4,4
"MONTERREY","LACTEOS Y CARNES LOPEZ",4,4
"MONTERREY","EDM050711TY2 GAS",4,4
"MONTERREY","ABARROTES CRISTINA",4,4
"MONTERREY","FARM GUADALAJARA",4,4
"SN NICOLAS D","7 ELEVEN",4,4
"GUADALUPE","SMG950714DC2 GAS",4,4
"SAN NICOLAS","SORIANA",4,4
"APODACA NL","BODEGA AURRERA",4,4
"MONTERREY","GIGANTE",2,2
"SN NICOLAS D","PSE6602015CA GAS",4,4
"SAN P GARZA","SEARS",4,4
"GENERAL ESCOB","AUTOZONE 7046",4,4
"MONTERREY","7 ELEVEN",4,4
"MONTERREY","SGM950714DC2 GAS",4,4
"MONTERREY","CHRISTUS",4,4
"MONTERREY","DESTROYER PZA MAYOREO",4,4
"GENERAL ESCOBB","H E B",4,4
"MONTERREY","CARL S JR",4,4
"SN NICOLAS D","UPANCO FERRET REMEX",4,4
"GUADALUPE","FARM GUADALAJARA",4,4
"MONTERREY","MC DONALD S HIDALGO",4,4
"MONTERREY","PISOS AZULEJOS Y SANIT",4,4
"MONTERREY","PISOS AZULEJOS Y SANIT",4,4
"GUADALUPE","SORIANA",4,4
"MONTERREY","FARM GUADALAJARA",4,4
"SAN NICOLAS","CSA ROMULO GARZA",4,4
"MONTERREY","FARM GUADALAJARA",4,4
"GARZA GARCIA","PET040903DH1 GAS",4,4
"ALLENDE NL","ESJ9506294H1 GAS",4,4
"SAN P GARZA","HIPERMART SAN PEDRO 14",4,4
"SANTA CATARIN","PET040903DH1 GAS",4,4
"GUADALUPE","SGY010813FXA GAS",4,4
"GUADALUPE","SGY010813FXA GAS",4,4
"APODACA NL","PSE6602015CA GAS",4,4
"ANAHUAC NL","SCA930428L70 GAS",4,4
"ESCOBEDO NL","CARNES",4,4
"SAN NICOLAS","BODEGA AURRERA",4,4
"GUADALUPE","MARISCOS LA ANACUA",4,4
"MONTERREY","VETERINARIOS LEDESMA",4,4
"MONTERREY","FERRET CHAPULTEPEC MTY",4,4
"AGUASCALIENTE","MITLEQUITOS",4,4
"SAN P GARZA","H E B",4,4
"GUADALUPE","PSE6602015CA GAS",4,4
"GENERAL ESCOBB","IMPULS OULET",4,4
"ACAPULCO GRO","ACALOOPS",4,4
"ESCOBEDO NL","H E B",4,4
"GUADALUPE","VILLANTAS AZTECA",4,4
"GENERAL ESCOBB","PAREREZ",4,4
"SN NICOLAS D","TELAS EXCLUSIVAS",4,4
"MONTERREY","DEL SOL SUC 112",4,4
"JUAREZ NL","TAMALERIAS TERESITA",4,4
"MONTERREY","CARNICERIA RAMOS",4,4
"ZAPOPAN ","MEGA",4,4
"SANTA CATARIN","H E B",4,4
"APODACA NL","SGM950714DC2 GAS",4,4
"MORELIA","D JOSE",4,4
"TONALA ","GCO030210ME9 GAS",4,4
"ZAPOPAN","LOB",4,4
"GUADALAJARA","BLOCKBUSTER",4,4
"TONALA ","WALMART",3,3
"ZAPOPAN","GIGANTE",2,2
"ZAPOPAN","MC DONALD S ZAPOPAN",4,4
"ZAPOPAN ","RADIO SHACK",4,4
"MORELIA","FARM GUADALAJARA",4,4
"TLAQUEPAQUE","FARM GUADALAJARA",4,4
"GUADALAJARA","FARM GUADALAJARA",4,4
"TLAQUEPAQUE","FARM GUADALAJARA",4,4
"GUADALAJARA","FARM GUADALAJARA",4,4
"TLAQUEPAQUE","GIGANTE",2,2
"TONALA ","ESS0309154M2 GAS",4,4
"TEPIC","CSCT AUT FED NAY",4,4
"GUADALAJARA","FARM GUADALAJARA",4,4
"GUADALAJARA","FARM GUADALAJARA",4,4
"ZAPOPAN ","SIRLOIN STOCKADE CONCH",4,4
"GUADALAJARA","TELCEL",4,4
"ZAPOPAN ","FARM GUADALAJARA",4,4
"ZAPOPAN ","CABLEVISION",4,4
"ZAPOPAN ","PSE6602015CA GAS",4,4
"GUADALAJARA","GIGANTE",2,2
"ZAPOPAN ","CABLEVISION",4,4
"TONALA","FARM GUADALAJARA",4,4
"GUADALAJARA","FARM GUADALAJARA",4,4
"GUADALAJARA","BOLSAS MONY",4,4
"TONALA ","WALMART",3,3
"ZAPOPAN ","FARM GUADALAJARA",4,4
"GUADALAJARA","DAYSO",4,4
"ZAPOPAN ","CABLEVISION",4,4
"GUADALAJARA","FARM GUADALAJARA",4,4
"","*** SU PAGO GRACIAS ***",4,4
"ZAPOPAN ","HISPANIA CLOTHES",4,4
"TLAJOMULCO D","WALMART",3,3
"GUADALAJARA","FARM GUADALAJARA",4,4
"GUADALAJARA","TDAS RIZO",4,4
"GUADALAJARA","THERMOGAS",4,4
"GUADALAJARA","TELAS PARISINA",4,4
"GUADALAJARA","FARM GUADALAJARA",4,4
"ZAPOPAN","GIGANTE",2,2
"ZAPOPAN ","FARM GUADALAJARA",4,4
"TLAQUEPAQUE","FARM GUADALAJARA",4,4
"ZAPOPAN ","JOMER S",4,4
"GUADALAJARA","CINEPOLIS",4,4
"ZAPOPAN ","FARM GUADALAJARA",4,4
"MORELIA","CINEPOLIS",4,4
"MORELIA","CINEPOLIS",4,4
"ZAPOPAN","FARM GUADALAJARA",4,4
"GUADALAJARA","GIGANTE",2,2
"GUADALAJARA","FARM GUADALAJARA",4,4
"GUADALAJARA","ZAP VENE",4,4
"GUADALAJARA","FARM GUADALAJARA",4,4
"TLAJOMULCO","COPPEL",4,4
"ZAPOPAN ","WALDOS6605CORDILLERAS",4,4
"GUADALAJARA","FARM GUADALAJARA",4,4
"MORELIA","CINEPOLIS",4,4
"GUADALAJARA","SANBORNS",4,4
"ZAPOPAN","FARM GUADALAJARA",4,4
"ZAPOPAN ","CHAVITA",4,4
"","*** SU PAGO GRACIAS ***",4,4
"ZAPOPAN ","SORIANA",4,4
"GUADALAJARA","TELCEL",4,4
"GUADALAJARA","YVES ROCHER GDL",4,4
"MORELIA","GOC 9303301F4 GAS",4,4
"ZAPOPAN","GDL COBRANZA MAS TV A",4,4
"MONTERREY","MM CINEMAS",4,4
"MORELIA","JOY",4,4
"TONALA ","GCO030210ME9 GAS",4,4
"GUADALAJARA","S AS",4,4
"GUADALAJARA","UAG780612718 GAS",4,4
"GUADALAJARA","FARM GUADALAJARA",4,4
"ZAPOPAN ","CABLEVISION",4,4
"MORELIA","MEGA",4,4
"GUADALAJARA","FARM GUADALAJARA",4,4
"ZAPOPAN ","FARM GUADALAJARA",4,4
"ZAPOPAN ","CABLEVISION",4,4
"GUADALAJARA","CALZADO FG",4,4
"TLAQUEPAQUE","PSE6602015CA GAS",4,4
"GUADALAJARA","FARM GUADALAJARA",4,4
"MEXICO DF","SKY TV DC",4,4
"ZAPOPAN ","FARM GUADALAJARA",4,4
"TONALA ","WALMART",3,3
"EL ARENAL ","CASETA EL ARENAL",4,4
"MAZATLAN","SORIANA",4,4
"IXTLA DEL RIO","CASETA PLAN BARRANCAS",4,4
"MAZATLAN","SOM7208238P2 GAS",4,4
"ZAPOPAN","FARM GUADALAJARA",4,4
"GUADALAJARA","TELCEL",4,4
"ZAPOPAN ","CABLEVISION",4,4
"PTO VALLARTAR","FARM GUADALAJARA",4,4
"GUADALAJARA","FARM GUADALAJARA",4,4
"GUADALAJARA","FARM GUADALAJARA",4,4
"ZAPOPAN ","HOME DEPOT",4,4
"GUADALAJARA","FARM GUADALAJARA",4,4
"GUADALAJARA","GIGANTE",2,2
"GUADALAJARA","FARM GUADALAJARA",4,4
"GUADALAJARA","FARM GUADALAJARA",4,4
"ZAPOPAN ","CABLEVISION",4,4
"ZAPOPAN ","FARM GUADALAJARA",4,4
"TLAQUEPAQUE","O DE M",4,4
"TLAQUEPAQUE","FARM GUADALAJARA",4,4
"ZAPOPAN","FARM GUADALAJARA",4,4
"MORELIA","FARM GUADALAJARA",4,4
"GUADALAJARA","FARM GUADALAJARA",4,4
"GUADALAJARA","FARM GUADALAJARA",4,4
"GUADALAJARA","FARM GUADALAJARA",4,4
"MEXICO DF","SEG ING",4,4
"GUADALAJARA","TELCEL",4,4
"ZAPOPAN ","WALMART",3,3
"GUADALAJARA","FARM GUADALAJARA",4,4
"GUADALAJARA","FARM GUADALAJARA",4,4
"GUADALAJARA","FARM GUADALAJARA",4,4
"ZAPOPAN ","SAMS",4,4
"ZAPOPAN ","FARM GUADALAJARA",4,4
"ZAPOPAN ","CABLEVISION",4,4
"GUADALAJARA","CREDICALZA",4,4
"GUADALAJARA","SERVIMAX",4,4
"ZAPOPAN","FARM GUADALAJARA",4,4
"ZAPOPAN ","FARM GUADALAJARA",4,4
"IRAPUATO","FARM GUADALAJARA",4,4
"IRAPUATO","FARM GUADALAJARA",4,4
"GUADALAJARA","FARM GUADALAJARA",4,4
"GUADALAJARA","SNH480715A89 GAS",4,4
"ZAPOPAN ","FARM GUADALAJARA",4,4
"ZAPOPAN ","FARM GUADALAJARA",4,4
"GUADALAJARA","MULTIGAS",4,4
"MONTERREY","MARY KAY COSMET MEX 01",4,4
"ZAPOPAN ","CABLEVISION",4,4
"ZAPOPAN","GIGANTE",2,2
"ZAPOPAN ","FARM GUADALAJARA",4,4
"MORELIA","BODEGA AURRERA",4,4
"TLAQUEPAQUE","FARM GUADALAJARA",4,4
"GUADALAJARA","FARM GUADALAJARA",4,4
"GUADALAJARA","FARM GUADALAJARA",4,4
"GUADALAJARA","FARM GUADALAJARA",4,4
"GUADALAJARA","FARM GUADALAJARA",4,4
"GUADALAJARA","FARM GUADALAJARA",4,4
"MORELIA","FARM GUADALAJARA",4,4
"TLAQUEPAQUE","FARM GUADALAJARA",4,4
"ZAPOPAN","BENAVIDES",4,4
"GUADALAJARA","MUNDO TERRA",4,4
"ZAPOPAN ","FARM GUADALAJARA",4,4
"MORELIA","FARM GUADALAJARA",4,4
"GUADALAJARA","FARM GUADALAJARA",4,4
"MORELIA","FARM GUADALAJARA",4,4
"ZAPOPAN","ZARA GALERIAS GUADALA",4,4
"ZAPOPAN ","FARM GUADALAJARA",4,4
"GUADALAJARA","FARM GUADALAJARA",4,4
"","*** SU PAGO GRACIAS ***",4,4
"GUADALAJARA","WALMART",3,3
"ZAPOPAN ","SAMS",4,4
"","*** SU PAGO GRACIAS ***",4,4
"GUADALAJARA","FARM GUADALAJARA",4,4
"ZAPOPAN","FARM GUADALAJARA",4,4
"ZAPOPAN","FARM GUADALAJARA",4,4
"SALAHUA","FARM GUADALAJARA",4,4
"MANZANILLO","FOTO SOL PZA MANZANILL",4,4
"TLAQUEPAQUE","TELCEL",4,4
"GUADALAJARA","FARM GUADALAJARA",4,4
"GUADALAJARA","FARM GUADALAJARA",4,4
"","PAGOS INTERBANCARIOS",4,4
"ZAPOPAN ","SAMS",4,4
"MORELIA","FARM GUADALAJARA",4,4
"GUADALAJARA","FARM GUADALAJARA",4,4
"GUADALAJARA","FARM GUADALAJARA",4,4
"GUADALAJARA","WALMART",3,3
"MEXICO DF","CREDIREPORTE",4,4
"GUADALAJARA","FARM GUADALAJARA",4,4
"","*** SU PAGO GRACIAS ***",4,4
"TLAQUEPAQUE","FARM GUADALAJARA",4,4
"GUADALAJARA","FARM GUADALAJARA",4,4
"TLAQUEPAQUE","FARM GUADALAJARA",4,4
"ZAPOPAN ","FARM GUADALAJARA",4,4
"GUADALAJARA","BODEGA AURRERA",4,4
"GUADALAJARA","SAMS",4,4
"GUADALAJARA","SAMS",4,4
"GUADALAJARA","FARM GUADALAJARA",4,4
"MORELIA","FARM GUADALAJARA",4,4
"GUADALAJARA","FARM GUADALAJARA",4,4
"GUADALAJARA","FARM GUADALAJARA",4,4
"GUADALAJARA","FARM GUADALAJARA",4,4
"GUADALAJARA","CINEPOLIS",4,4
"GUADALAJARA","FARM GUADALAJARA",4,4
"GUADALAJARA","FARM GUADALAJARA",4,4
"GUADALAJARA","FARM GUADALAJARA",4,4
"GUADALAJARA","FARM GUADALAJARA",4,4
"GUADALAJARA","FARM GUADALAJARA",4,4
"GUADALAJARA","FARM GUADALAJARA",4,4
"GUADALAJARA","FARM GUADALAJARA",4,4
"ZAPOPAN","FARM GUADALAJARA",4,4
"ZAPOPAN ","CABLEVISION",4,4
"MORELIA","FARM GUADALAJARA",4,4
"MORELIA","WALMART",3,3
"TLAQUEPAQUE","ESC0312158X6 GAS",4,4
"TONALA ","FARM GUADALAJARA",4,4
"GUADALAJARA","GIGANTE",2,2
"GUADALAJARA","FARM GUADALAJARA",4,4
"GUADALAJARA","FARM GUADALAJARA",4,4
"ZAPOPAN ","HOME DEPOT",4,4
"ZAPOPAN","FARM GUADALAJARA",4,4
"GUADALAJARA","GIGANTE",2,2
"MORELIA","FARM GUADALAJARA",4,4
"TONALA ","ESS0309154M2 GAS",4,4
"GUADALAJARA","FARM GUADALAJARA",4,4
"GUADALAJARA","SGL010531EI3 GAS",4,4
"","*** SU PAGO GRACIAS ***",4,4
"GUADALAJARA","7 CHEDRAUI",4,4
"GUADALAJARA","FARM GUADALAJARA",4,4
"SN P GARZA GA","AXTEL",4,4
"GUADALAJARA","7 CHEDRAUI",4,4
"ZAPOPAN ","SUPERAMA",4,4
"ZAPOPAN ","CABLEVISION",4,4
"TLAQUEPAQUE","HOME DEPOT",4,4
"TEQUILA ","CARAJOS VIDEO BAR",4,4
"ZAPOPAN","SUPER LA PLAYA",4,4
"MORELIA","MONARCAS MORELIA",4,4
"MORELIA","COMERCIAL MEXICANA",4,4
"GUADALAJARA","FARM GUADALAJARA",4,4
"GUADALAJARA","BODEGA AURRERA",4,4
"MORELIA","COMERCIAL MEXICANA",4,4
"MEXICO DF","TELMEX",4,4
"MORELIA","FARM GUADALAJARA",4,4
"GUADALAJARA","FARM GUADALAJARA",4,4
"ZAPOPAN ","CABLEVISION",4,4
"MORELIA","FARM GUADALAJARA",4,4
"GUADALAJARA","LAILA INTIMA",4,4
"GUADALAJARA","WALMART",3,3
"ZAPOPAN ","CELULAR POINT",4,4
"GUADALAJARA","WALMART",3,3
"TIJUANA BCN","BLOCKBUSTER",4,4
"GUADALAJARA","FARM GUADALAJARA",4,4
"TLAQUEPAQUE","GTA9702219A7 GAS",4,4
"GUADALAJARA","GIGANTE",2,2
"GUADALAJARA","EXPO RENT A CAR",4,4
"GUADALAJARA","EXPO RENT A CAR",4,4
"ZAPOPAN ","CABLEVISION",4,4
"ZAPOPAN","FARM GUADALAJARA",4,4
"GUADALAJARA","WALMART",3,3
"GUADALAJARA","STARBUCKS",4,4
"GUADALAJARA","FARM GUADALAJARA",4,4
"GUADALAJARA","FARM GUADALAJARA",4,4
"GUADALAJARA","7 CHEDRAUI",4,4
"GUADALAJARA","FARM GUADALAJARA",4,4
"","PAGOS INTERBANCARIOS",4,4
"GUADALAJARA","FRAGANCIAS LIZBETH",4,4
"TONALA ","FARM GUADALAJARA",4,4
"GUADALAJARA","FARM GUADALAJARA",4,4
"GUADALAJARA","GIGANTE",2,2
"TLAQUEPAQUE","FARM GUADALAJARA",4,4
"GUADALAJARA","FARM GUADALAJARA",4,4
"GUADALAJARA","FARM GUADALAJARA",4,4
"GUADALAJARA","FARM GUADALAJARA",4,4
"GUADALAJARA","FARM GUADALAJARA",4,4
"GUADALAJARA","FARM GUADALAJARA",4,4
"ZAPOPAN ","FARM GUADALAJARA",4,4
"GUADALAJARA","FARM GUADALAJARA",4,4
"ZAPOPAN ","SAMS",4,4
"GUADALAJARA","FARM GUADALAJARA",4,4
"ZAPOPAN ","SSC020415AS9 GAS",4,4
"MORELIA","FARM GUADALAJARA",4,4
"GUADALAJARA","FARM GUADALAJARA",4,4
"GUADALAJARA","FARM GUADALAJARA",4,4
"GUADALAJARA","UAG7806127I8 GAS",4,4
"ZAPOPAN","SANBORNS",4,4
"ZAPOPAN","GIGANTE",2,2
"GUADALAJARA","FARM GUADALAJARA",4,4
"GUADALAJARA","TEXTILAN DE OCCIDENTE",4,4
"GUADALAJARA","FARM GUADALAJARA",4,4
"GUADALAJARA","BODEGA AURRERA",4,4
"GUADALAJARA","FARM GUADALAJARA",4,4
"GUADALAJARA","FARM GUADALAJARA",4,4
"MEXICO DF","INTERJET",4,4
"ZAPOPAN ","FARM GUADALAJARA",4,4
"ZAPOPAN ","MARTI",4,4
"ZAPOPAN ","LOB",4,4
"ZAPOPAN","BEACH COMPANY 08",4,4
"TONALA ","FARM GUADALAJARA",4,4
"GUADALAJARA","FARM GUADALAJARA",4,4
"MEXICO DF","BURO DE CREDITO",4,4
"GUADALAJARA","FARM GUADALAJARA",4,4
"GUADALAJARA","FARM GUADALAJARA",4,4
"GUADALAJARA","PUMA",4,4
"GUADALAJARA","FARM GUADALAJARA",4,4
"GUADALAJARA","GIGANTE",2,2
"GUADALAJARA","FARM GUADALAJARA",4,4
"GUADALAJARA","FARM GUADALAJARA",4,4
"GUADALAJARA","FARM GUADALAJARA",4,4
"GUADALAJARA","GIGANTE",2,2
"GUADALAJARA","TODO P EL BUEN FUMADOR",4,4
"GUADALAJARA","FARM GUADALAJARA",4,4
"ZAPOPAN","FARM GUADALAJARA",4,4
"TALA ","FARM GUADALAJARA",4,4
"TONALA ","FARM GUADALAJARA",4,4
"TLAQUEPAQUE","FARM GUADALAJARA",4,4
"TECOMAN COL","BODEGA AURRERA",4,4
"GUADALAJARA","GIGANTE",2,2
"GUADALAJARA","FARM GUADALAJARA",4,4
"GUADALAJARA","FARM GUADALAJARA",4,4
"ZAPOPAN","OFFICE DEPOT",4,4
"ZAPOPAN","CAS000831GQ5 GAS",4,4
"ZAPOPAN ","WALMART",3,3
"GUADALAJARA","SPACE SOCCER",4,4
"GUADALAJARA","FARM GUADALAJARA",4,4
"GUADALAJARA","ACTIVACEL LPEZ COTILLA",4,4
"GUADALAJARA","CONSTRURAMA JALISCO",4,4
"GUADALAJARA","FABRICAS DE FRANCIA",4,4
"GUADALAJARA","FABRICAS DE FRANCIA",4,4
"GUADALAJARA","SPM990611S15 GAS",4,4
"GUADALAJARA","FARM GUADALAJARA",4,4
"GUADALAJARA","FARM GUADALAJARA",4,4
"GUADALAJARA","FARM GUADALAJARA",4,4
"ZAPOPAN","BOUT PLAYA TERRANOVA",4,4
"ZAPOPAN ","FARM GUADALAJARA",4,4
"GUADALAJARA","TELCEL",4,4
"GUADALAJARA","BENAVIDES",4,4
"GUADALAJARA","FARM GUADALAJARA",4,4
"ZAPOPAN","FARM GUADALAJARA",4,4
"ZAPOPAN","GIGANTE",2,2
"ZAPOPAN ","LA EUROPEA CD DEL SOL",4,4
"GUADALAJARA","ALRRUCCI",4,4
"ZAPOPAN ","PASTELERIA OK XVIII",4,4
"GUADALAJARA","FARM GUADALAJARA",4,4
"GUADALAJARA","FARM GUADALAJARA",4,4
"GUADALAJARA","OME SALUD ALTERNATIVA",4,4
"ZAPOPAN","FARM GUADALAJARA",4,4
"GUADALAJARA","FARM GUADALAJARA",4,4
"GUADALAJARA","FARM GUADALAJARA",4,4
"GUADALAJARA","FARM GUADALAJARA",4,4
"GUADALAJARA","FARM GUADALAJARA",4,4
"GUADALAJARA","FARM GUADALAJARA",4,4
"GUADALAJARA","FARM GUADALAJARA",4,4
"GUADALAJARA","ZARA GRAN PLAZA",4,4
"TONALA ","FARM GUADALAJARA",4,4
"TONALA ","WALMART",3,3
"TLAQUEPAQUE","FARM GUADALAJARA",4,4
"GUADALAJARA","PIMUR",4,4
"GUADALAJARA","FARM GUADALAJARA",4,4
"GUADALAJARA","DITRIB REPTIL",4,4
"TLAQUEPAQUE","SUPER LA PLAYA",4,4
"GUADALAJARA","ZAP FLEXI",4,4
"GUADALAJARA","FARM GUADALAJARA",4,4
"GUADALAJARA","FARM GUADALAJARA",4,4
"GUADALAJARA","FARM GUADALAJARA",4,4
"GUADALAJARA","FARM GUADALAJARA",4,4
"GUADALAJARA","FARM GUADALAJARA",4,4
"GUADALAJARA","WALMART",3,3
"GUADALAJARA","WALMART",3,3
"GUADALAJARA","FARM GUADALAJARA",4,4
"GUADALAJARA","FARM GUADALAJARA",4,4
"GUADALAJARA","ACELLOR II",4,4
"GUADALAJARA","WALMART",3,3
"GUADALAJARA","WALMART",3,3
"GUADALAJARA","FARM GUADALAJARA",4,4
"LEON","MPCIO DE LEON",4,4
"MONTERREY","MM CINEMAS",4,4
"LEON","FARM GUADALAJARA",4,4
"LEON","BODEGA AURRERA",4,4
"LEON","SORIANA",4,4
"LEON","DEL SOL SUC 109",4,4
"LEON","ISSEG",4,4
"LEON","SAL940831BE7 GAS",4,4
"LEON","SORIANA",4,4
"LEON","GPO FLECHA AMARILLA 04",4,4
"LEON","COMERCIAL MEXICANA",4,4
"LEON","FARM GUADALAJARA",4,4
"LEON","DIST GARCIA",4,4
"LEON","HPL970402EV7 GAS",4,4
"LEON","KOP940610D11 GAS",4,4
"LEON","FARM GUADALAJARA",4,4
"LEON","FARM GUADALAJARA",4,4
"LEON","FARM GUADALAJARA",4,4
"LEON","FARM GUADALAJARA",4,4
"LEON","FARM GUADALAJARA",4,4
"LEON","FARM GUADALAJARA",4,4
"LEON","FARM GUADALAJARA",4,4
"LEON","ESTET MATHA VALENCIA",4,4
"LEON","FARM GUADALAJARA",4,4
"LEON","FARM GUADALAJARA",4,4
"LEON","7 CHEDRAUI",4,4
"LEON","FARM GUADALAJARA",4,4
"LEON","BODEGA AURRERA",4,4
"","*** SU PAGO GRACIAS ***",4,4
"LEON","WALMART",3,3
"LEON","TICKETMASTER OLP111",4,4
"LEON","SGM950714DC2 GAS",4,4
"LEON","FARM GUADALAJARA",4,4
"MEXICO DF","SEGUROS BNM ACCIDENTES",4,4
"LEON","MC DONALD S PZA MAYOR",4,4
"LEON","HERBALIFE",4,4
"LEON","SUPER SOYA",4,4
"MEXICO DF","SUAUTO",4,4
"LEON","SUPER SOYA",4,4
"LEON","BARA PSEOS DEL MOLINO",4,4
"LEON","LA GRANJA DE DON BENIT",4,4
"LEON","WALMART",3,3
"LEON","BODEGA AURRERA",4,4
"LEON","SPA9906242N3 GAS",4,4
"LEON","FARM GUADALAJARA",4,4
"MANZANILLO","COMERCIAL MEXICANA",4,4
"SAN FCO DEL","BODEGA AURRERA",4,4
"SAN FCO DEL","BODEGA AURRERA",4,4
"SAN FCO DEL","BODEGA AURRERA",4,4
"LEON","FARM GUADALAJARA",4,4
"LEON","SEFUMESA LEON GTO 1",4,4
"LEON","FARM GUADALAJARA",4,4
"SOLIDARIDAD","CAPA DE OZONO PLAYA",4,4
"LEON","MARCO VIALI",4,4
"LEON","FARM GUADALAJARA",4,4
"LEON","ISSEG",4,4
"LEON","FARM GUADALAJARA",4,4
"LEON","FARM GUADALAJARA",4,4
"LEON","FARM GUADALAJARA",4,4
"LEON","EIMR6201099M8 GAS",4,4
"LEON","MAT PRINCESADO",4,4
"LEON","FARM GUADALAJARA",4,4
"LEON","FARM GUADALAJARA",4,4
"LEON","FABRICAS DE FRANCIA",4,4
"LEON","FARM GUADALAJARA",4,4
"LEON","FARM GUADALAJARA",4,4
"LEON","FARM GUADALAJARA",4,4
"LEON","OPT DEVLYN 451",4,4
"LEON","APPLE BEES",4,4
"MEXICO DF","VUELA MEXICO",4,4
"LEON","FARM GUADALAJARA",4,4
"LEON","FARM GUADALAJARA",4,4
"LEON","FARM GUADALAJARA",4,4
"LEON","FARM GUADALAJARA",4,4
"LEON","BODEGA AURRERA",4,4
"LEON","FARM GUADALAJARA",4,4
"LEON","ISSEG",4,4
"LEON","FARM GUADALAJARA",4,4
"LEON","LEY TORRES LANDA",4,4
"LEON","FABRICAS DE FRANCIA",4,4
"MONTERREY","WOOLWORTH 228",4,4
"LEON","WALMART",3,3
"LEON","FARM GUADALAJARA",4,4
"LEON","SUBURBIA",4,4
"LEON","EXTRA E ALAMEDA DIAMAN",4,4
"LEON","FARM GUADALAJARA",4,4
"LEON","FARM GUADALAJARA",4,4
"LEON","FARM GUADALAJARA",4,4
"LEON","FARM GUADALAJARA",4,4
"ZAPOPAN ","FARM GUADALAJARA",4,4
"ZAPOPAN ","FARM GUADALAJARA",4,4
"LEON","FARM GUADALAJARA",4,4
"LEON","FARM GUADALAJARA",4,4
"LEON","WALDOS6502JARDINESDELM",4,4
"LEON","FARM GUADALAJARA",4,4
"LEON","BENAVIDES",4,4
"LEON","WALMART",3,3
"LEON","SPA9906242N3 GAS",4,4
"SAN FCO DEL","FARM GUADALAJARA",4,4
"SAN FCO DEL","FARM GUADALAJARA",4,4
"LEON","BODEGA AURRERA",4,4
"LEON","WALMART",3,3
"LEON","FARM GUADALAJARA",4,4
"LEON","FARM GUADALAJARA",4,4
"LEON","CBO020417NC4 GAS",4,4
"SAN NICOLAS","FARM GUADALAJARA",4,4
"SAN NICOLAS","FARM GUADALAJARA",4,4
"MONTERREY","BURGER KING CUMBRES",4,4
"APODACA NL","FARM GUADALAJARA",4,4
"MONTERREY","CHILIS CUMBRES",4,4
"MONTERREY","FARM GUADALAJARA",4,4
"SAN NICOLAS","SAM S CLUB UNIV MTY",4,4
"","*** SU PAGO GRACIAS ***",4,4
"MONTERREY","GIGANTE",2,2
"SAN NICOLAS","FARM GUADALAJARA",4,4
"MONTERREY","BAHIA ESCONDIDAII ROMA",4,4
"MONTERREY","COSMETICOS CADENCEE",4,4
"MONTERREY","GGG721121TZA GAS",4,4
"MONTERREY","FARM GUADALAJARA",4,4
"MONTERREY","BENAVIDES",4,4
"MONTERREY","HEMSA JUAREZ",4,4
"GUADALUPE","FARM GUADALAJARA",4,4
"MONTERREY","BODEGA AURRERA",4,4
"ZAPOPAN ","FARM GUADALAJARA",4,4
"GUADALAJARA","MULTIELECT",4,4
"ZAPOPAN ","FARM GUADALAJARA",4,4
"ZAPOPAN ","SORIANA",4,4
"XEL HA QROO","PARQUE XEL HA",4,4
"SN P GARZA GA","AXTEL",4,4
"ZAPOPAN ","FARM GUADALAJARA",4,4
"MORELIA","CINEPOLIS",4,4
"ZAPOPAN ","FARM GUADALAJARA",4,4
"GUADALAJARA","FARM GUADALAJARA",4,4
"GUADALAJARA","MGA060309HX1 GAS",4,4
"MEXICO DF","SANBORNS",4,4
"ZAPOPAN ","LA PASTA",4,4
"GUADALAJARA","OFFICE DEPOT",4,4
"ZAPOPAN ","MVS MULTIVISION",4,4
"GUADALAJARA","REST TIZOC",4,4
"TLAJOMULCO D","SAM S PALOMAR",4,4
"GUADALAJARA","ACUARIO CIRCUNVALACION",4,4
"ZAPOPAN","OFFICE MAX GUADALAJARA",4,4
"ZAPOPAN","OFFICE MAX GUADALAJARA",4,4
"ZAPOPAN ","FARM GUADALAJARA",4,4
"MEXICO DF","AEROENLACES NACIONALES",4,4
"GUADALAJARA","CASA VILLARRUEL",4,4
"GUADALAJARA","FARM GUADALAJARA",4,4
"ZAPOPAN ","CABLEVISION",4,4
"ZAPOPAN ","REFACC ALEMANA",4,4
"TONALA","FARM GUADALAJARA",4,4
"GUADALAJARA","WALMART",3,3
"MEXICO DF","GPO NAL PROV MODELO",4,4
"SAN ANDRES CH","CARL S JR",4,4
"GUADALAJARA","HILOS ESTAMB STA TERES",4,4
"GUADALAJARA","HOSP TERRANOVA",4,4
"ZAPOPAN ","FARM GUADALAJARA",4,4
"ZAPOPAN ","CABLEVISION",4,4
"GUADALAJARA","SIAPA",4,4
"GUADALAJARA","EMME GUADALAJARA",4,4
"GUADALAJARA","HERRAJES COMPETENCIA",4,4
"GUADALAJARA","TELCEL",4,4
"ZAPOPAN ","NINE WEST",4,4
"ZAPOPAN ","SORIANA",4,4
"TONALA ","WALMART",3,3
"GUADALAJARA","YAKITORY",4,4
"ZAPOPAN","GIGANTE",2,2
"PTO VALLARTAR","VIPS",4,4
"PTO VALLARTAR","WALMART",3,3
"ZAPOPAN ","FARM GUADALAJARA",4,4
"ZAPOPAN ","CABLEVISION",4,4
"ZAPOPAN","COMERCIAL MEXICANA",4,4
"ZAPOPAN ","SORIANA",4,4
"ZAPOPAN ","SORIANA",4,4
"MEXICO DF","SKY TV DC",4,4
"ZAPOPAN","BENAVIDES",4,4
"GUADALAJARA","REST EL ITALIANO",4,4
"ZAPOPAN ","CHILIS PLAZA DEL SOL G",4,4
"ZAPOPAN ","FARM GUADALAJARA",4,4
"ZAPOPAN ","LIVERPOOL",4,4
"ZAPOPAN ","LIVERPOOL",4,4
"ZAPOPAN ","LOB",4,4
"GUADALAJARA","SAMS",4,4
"ZAPOPAN ","CAS000831GQ5 GAS",4,4
"GUADALAJARA","SELENE HAIR STUDIO",4,4
"GUADALAJARA","FARM GUADALAJARA",4,4
"ACAPULCO GRO","WALMART",3,3
"GUADALAJARA","PINTS CASTHER ANTIGUA",4,4
"ZAPOPAN ","CABLEVISION",4,4
"ZAPOPAN","TELCEL",4,4
"ZAPOPAN ","SONORA QUERIDA",4,4
"GUADALAJARA","TELCEL",4,4
"ZAPOPAN","ZARA GALERIAS GUADALA",4,4
"GUADALAJARA","ROCATTI INTERNACIONAL",4,4
"ZAPOPAN ","TOU000718SG4 GAS",4,4
"GUADALAJARA","GIGANTE",2,2
"GUADALAJARA","GALOPINES INFANTILES",4,4
"ZAPOPAN ","CABLEVISION",4,4
"GUADALAJARA","SAMS",4,4
"ZAPOPAN","SUPER LA PLAYA",4,4
"GUADALAJARA","FARM GUADALAJARA",4,4
"GUADALAJARA","TELCEL",4,4
"GUADALAJARA","FARM GUADALAJARA",4,4
"ZAPOPAN ","CABLEVISION",4,4
"GUADALAJARA","WALMART",3,3
"ZAPOPAN ","CABLEVISION",4,4
"ZAPOPAN ","PASTELERIAS OK XVI",4,4
"GUADALAJARA","NIPOJAL",4,4
"GUADALAJARA","PROGRAMAS INTER MEXICO",4,4
"ZAPOPAN ","CABLEVISION",4,4
"ZAPOPAN ","STE970924PP4 GAS",4,4
"GUADALAJARA","TELCEL",4,4
"ZAPOPAN ","CLUB ATLAS CHAPALITA",4,4
"GUADALAJARA","WALMART",3,3
"ZAPOPAN ","WALMART",3,3
"GUADALAJARA","NEXTEL",4,4
"MEXICO DF","THE CLUB AT PRESIDENTE",4,4
"GUADALAJARA","MODATELAS",4,4
"GUADALAJARA","NVA AUTOM OCCIDENTAL",4,4
"ZAPOPAN","CANELOS II",4,4
"GUADALAJARA","OFFICE DEPOT",4,4
"MEXICO DF","TELMEX",4,4
"ZAPOPAN","BENAVIDES",4,4
"ZAPOPAN ","REST GOURMELETTE",4,4
"ZAPOPAN ","MARAHO",4,4
"TLAQUEPAQUE","HOME DEPOT",4,4
"ZAPOPAN","COMERCIAL MEXICANA",4,4
"ZAPOPAN","GOC 930330 1F4 GAS",4,4
"MEXICO DF","DESARROLLO MNA V TCOM",4,4
"","*** SU PAGO GRACIAS ***",4,4
"GUADALAJARA","DULCERIA EL PATRON",4,4
"MEXICO DF","AIG1 MEX 01800 0064200",4,4
"MEXICO DF","AIG1 MEX 01800 0064200",4,4
"ZAPOPAN ","CABLEVISION",4,4
"ZAPOPAN ","7 ELEVEN",4,4
"GUADALAJARA","FARM GUADALAJARA",4,4
"GUADALAJARA","FARM GUADALAJARA",4,4
"MEXICO DF","INST FOND NAC VIVIEN T",4,4
"ZAPOPAN ","CLUB DE LA COLINA",4,4
"HERMOSILLO SO","DELICIAS DE MI PUEBLO",4,4
"GUADALAJARA","FARM GUADALAJARA",4,4
"GUADALAJARA","FARM GUADALAJARA",4,4
"ZAPOPAN ","FARM GUADALAJARA",4,4
"ZAPOPAN ","LIVERPOOL",4,4
"GUADALAJARA","FARM GUADALAJARA",4,4
"ZAPOPAN ","SORIANA",4,4
"TLAJOMULCO D","FARM GUADALAJARA",4,4
"ZAPOPAN ","LIVERPOOL",4,4
"GUADALAJARA","FARM GUADALAJARA",4,4
"ZAPOPAN ","HOME DEPOT",4,4
"ZAPOPAN","FARM GUADALAJARA",4,4
"ZAPOPAN ","FARM GUADALAJARA",4,4
"ZAPOPAN ","SORIANA",4,4
"GUADALAJARA","TELCEL",4,4
"MANZANILLO","BAR OASIS LAS HADAS",4,4
"ZAPOPAN","FARM GUADALAJARA",4,4
"GUADALAJARA","WALMART",3,3
"MEXICO DF","AIG1 MEX 01800 0064200",4,4
"GUADALAJARA","SRIA FINANZAS Y ADMON",4,4
"ZAPOPAN ","PAP CORIBA",4,4
"TLAJOMULCO D","FARM GUADALAJARA",4,4
"GUADALAJARA","FARM GUADALAJARA",4,4
"PLAYA DEL CAR","PARQUE XCARET",4,4
"CANCUN QROO","CONDOMINIO GIRASOL",4,4
"GUADALAJARA","TELCEL",4,4
"GUADALAJARA","FARMS ABC",4,4
"MEXICO DF","SEG DANOS ACCIDENT",4,4
"GUADALAJARA","GIGANTE",2,2
"GUADALAJARA","CONFITERIA ALADINO",4,4
"TLAQUEPAQUE","ETN",4,4
"ZAPOPAN ","CABLEVISION",4,4
"MEXICO DF","SANBORNS",4,4
"GUADALAJARA","SORIANA",4,4
"GUADALAJARA","SORIANA",4,4
"ZAPOPAN","FERRET CALZADA ACUEDUC",4,4
"GUADALAJARA","OPER",4,4
"TLALNEPANTLA","NEXTEL",4,4
"GUADALAJARA","JARD RECINTO DE LA PAZ",4,4
"GUADALAJARA","MEGA",4,4
"ZAPOPAN","SEARS",4,4
"","*** SU PAGO GRACIAS ***",4,4
"ZAPOPAN ","SCO8601168Q8 GAS",4,4
"ZAPOPAN","OFFICE DEPOT",4,4
"MEXICO DF","THE CLUB AT PRESIDENTE",4,4
"GUADALAJARA","HOME DEPOT",4,4
"GUADALAJARA","SRIA FINANZAS Y ADMON",4,4
"MEXICO DF","NEXTEL",4,4
"CHAPALA ","SORIANA",4,4
"ACAPULCO GRO","WALMART",3,3
"ZAPOPAN ","SORIANA",4,4
"ZAPOPAN","HOME DEPOT",4,4
"ZAPOPAN","HOME DEPOT",4,4
"GUADALAJARA","FARM GUADALAJARA",4,4
"ZAPOPAN ","CAS000831GQ5 GAS",4,4
"ZAPOPAN","MC DONALD S ZAPOPAN",4,4
"GUADALAJARA","SEGUROS MONTERREY",4,4
"GUADALAJARA","BUSECO",4,4
"ZAPOPAN ","MAYASA",4,4
"GUADALAJARA","LIB UNIV AUTON AC CU",4,4
"GUADALAJARA","LIVERPOOL",4,4
"ZAPOPAN","ZARA PZA DEL SOL",4,4
"GUADALAJARA","FARM GUADALAJARA",4,4
"MORELIA","CINEPOLIS",4,4
"GUADALAJARA","POLIACERO",4,4
"GUADALAJARA","CAFE CHAI",4,4
"GUADALAJARA","FARM GUADALAJARA",4,4
"SN P GARZA GA","AXTEL",4,4
"GUADALAJARA","FARM GUADALAJARA",4,4
"GUADALAJARA","MAGOLD",4,4
"ZAPOPAN ","FARM GUADALAJARA",4,4
"GUADALAJARA","AXTEL",4,4
"GUADALAJARA","CAMARA 21",4,4
"ZAPOPAN ","SNM930129QJ6 GAS",4,4
"ZAPOPAN ","FARM GUADALAJARA",4,4
"GUADALAJARA","FARM GUADALAJARA",4,4
"GUADALAJARA","TELCEL",4,4
"TONALA ","WALMART",3,3
"ZAPOPAN","SEARS",4,4
"ZAPOPAN ","FARM SIM GDL 33",4,4
"MORELIA","CINEPOLIS",4,4
"ZAPOPAN ","BODEGA AURRERA",4,4
"ZAPOPAN ","BODEGA AURRERA",4,4
"ZAPOPAN ","CABLEVISION",4,4
"GUADALAJARA","FARM GUADALAJARA",4,4
"GUADALAJARA","FARM GUADALAJARA",4,4
"ZAPOPAN","GIGANTE",2,2
"ZAPOPAN","GIGANTE",2,2
"GUADALAJARA","FARM GUADALAJARA",4,4
"GUADALAJARA","FARM GUADALAJARA",4,4
"GUADALAJARA","COMPU SAVINGS",4,4
"GUADALAJARA","BODEGA AURRERA",4,4
"GUADALAJARA","HERRAJES BULNES 04",4,4
"TLAQUEPAQUE","BODEGA AURRERA",4,4
"TLAQUEPAQUE","UAG7806127I8 GAS",4,4
"MAZAMITLA ","FARM ZAPOTLAN",4,4
"MAZAMITLA ","FARM ZAPOTLAN",4,4
"ZAPOPAN ","LIVERPOOL",4,4
"GUADALAJARA","FARM GUADALAJARA",4,4
"ZAPOPAN","STARBUCKS",4,4
"ZAPOPAN ","WALMART",3,3
"ZAPOPAN ","WORLD ANIMAL",4,4
"ZAPOPAN ","WALDOS6608ZAPOPANCENTR",4,4
"MEXICO DF","SEGU BBVA RESEG CANCER",4,4
"ZAPOPAN ","CABLEVISION",4,4
"ZAPOPAN ","EXPLORA LA MODA",4,4
"GUADALAJARA","CHEMICO ESPEC QUIMIC",4,4
"ZAPOPAN","GIGANTE",2,2
"ZAPOPAN ","CABLEVISION",4,4
"GUADALAJARA","MCA020415FY9 GAS",4,4
"GUADALAJARA","MARTI",4,4
"MAZATLAN","REST LA MURALLA CHINA",4,4
"ZAPOPAN","CAS000831GQ5 GAS",4,4
"GUADALAJARA","CINEPOLIS",4,4
"ZAPOPAN ","MEGA",4,4
"ZAPOPAN ","ZAZA MEDITERRANEO COUS",4,4
"TLAJOMULCO D","WALMART",3,3
"GUADALAJARA","SUBURBIA",4,4
"MORELIA","HOT REAL CAMELINAS",4,4
"MORELIA","HOTEL ALAMEDA",4,4
"GUADALAJARA","FARM GUADALAJARA",4,4
"ZAPOPAN ","CABLEVISION",4,4
"SALAHUA","FARM GUADALAJARA",4,4
"TLAQUEPAQUE","ELEKTRA TLAQUEPAQUE",4,4
"TLAQUEPAQUE","EL ABAJENO TLAQUEPAQUE",4,4
"ZAPOPAN ","CABLEVISION",4,4
"GUADALAJARA","BODEGA AURRERA",4,4
"CULIACAN SIN","AEROCOMIDAS",4,4
"ZAPOPAN ","FABRICAS DE FRANCIA",4,4
"TULA DE ALLEN","CAFE MADERO",4,4
"","*** SU PAGO GRACIAS ***",4,4
"ZAPOPAN","FARM GUADALAJARA",4,4
"GUADALAJARA","GIGANTE",2,2
"GUADALAJARA","GIGANTE",2,2
"GUADALAJARA","GIGANTE",2,2
"GUADALAJARA","GIGANTE",2,2
"GUADALAJARA","GIGANTE",2,2
"GUADALAJARA","HOSP COUNTRY 2000",4,4
"ZAPOPAN ","CABLEVISION",4,4
"MEXICO DF","PROMOJUEGOS DE MEXICO",4,4
"MEXICO DF","AEROMEXICO H2H",4,4
"LA PAZ BCS","AEROCALIFORNIA",4,4
"MAZATLAN","TIEN OFIC SR FROGS 3",4,4
"MAZATLAN","FARM MODERNA",4,4
"GUADALAJARA","SAMS",4,4
"ZAPOPAN ","STE970924PP4 GAS",4,4
"MEXICO DF","ESTRELLA BCA C CENTER",4,4
"GUADALAJARA","BODEGA AURRERA",4,4
"ZAPOPAN ","UAG7806127I8 GAS",4,4
"SANTA CATARIN","AXTEL",4,4
"ZAPOPAN ","FARM GUADALAJARA",4,4
"ZAPOPAN ","ZAPOPAN ESCOLAR",4,4
"GUADALAJARA","CAFE CHAI",4,4
"GUADALAJARA","GIGANTE",2,2
"GUADALAJARA","LAVANDERIAS ACUAMATIC",4,4
"GUADALAJARA","MARTI",4,4
"GUADALAJARA","BODEGA AURRERA",4,4
"ZAPOPAN ","SUBURBIA",4,4
"GUADALAJARA","HOLIDAY INN SELECT",4,4
"GUADALAJARA","HOLIDAY INN SELECT",4,4
"GUADALAJARA","HOME DEPOT",4,4
"ZAPOPAN","SUSAZON",4,4
"GUADALAJARA","MARISCOS TRUCUTRU",4,4
"GUADALAJARA","GIGANTE",2,2
"GUADALAJARA","LA TEQUILA",4,4
"ZAPOPAN ","IUSA CSI L MATEOS R5",4,4
"MORELIA","CINEPOLIS",4,4
"ZAPOPAN ","TELECABLE",4,4
"GUADALAJARA","CINEPOLIS",4,4
"GUADALAJARA","SANBORNS",4,4
"TONALA","COSTCO GUADALAJARA",4,4
"ZAPOPAN ","WALMART",3,3
"GUADALAJARA","MEGA",4,4
"ZAPOPAN ","WALMART",3,3
"URUAPAN MICH","CAFET",4,4
"ZAPOPAN","OFFICE DEPOT",4,4
"ZAPOPAN ","SUPLEMENTOS Y SERV",4,4
"ZAPOPAN ","MAT PLATA",4,4
"ZAPOPAN ","ESB950126NCA GAS",4,4
"ZAPOPAN ","CABLEVISION",4,4
"LEON","TACOS EL PATA",4,4
"SAN LUIS POTO","AUTO ADVANCE",4,4
"LEON","SGM950714DC2 GAS",4,4
"LEON","SGL9402016D9 GAS",4,4
"LEON","SGL9402016D9 GAS",4,4
"LEON","FARM GUADALAJARA",4,4
"LEON","FARM GUADALAJARA",4,4
"LEON","FARM GUADALAJARA",4,4
"LEON","SORIANA",4,4
"LEON","WILSON LEON II",4,4
"LEON","FARM GUADALAJARA",4,4
"LEON","FARM GUADALAJARA",4,4
"LEON","FARM GUADALAJARA",4,4
"SN P GARZA GA","AXTEL",4,4
"SN P GARZA GA","AXTEL",4,4
"MAZATLAN","INGLES SIN BARRERA",4,4
"LEON","SANBORNS",4,4
"IRAPUATO","REST CALIFORNIA IRAPUA",4,4
"LEON","WALMART",3,3
"SILAO","BODEGA AURRERA",4,4
"SILAO","BODEGA AURRERA",4,4
"LEON","7 CHEDRAUI",4,4
"LEON","LEON",4,4
"LEON","REST LA ESTANCIA",4,4
"LEON","FARM GUADALAJARA",4,4
"LEON","7 CHEDRAUI",4,4
"LEON","SPORT PALACE V",4,4
"LEON","ATLETICA",4,4
"LEON","WALMART",3,3
"LEON","ZARA PZA MAYOR",4,4
"LEON","COMERCIAL MEXICANA",4,4
"LEON","FRANCACHELA PIZZERIA",4,4
"LEON","H E B",4,4
"LEON","GCA941018SL8 GAS",4,4
"POZA RICA","NOVOTEL DE POZA RICA",4,4
"POZA RICA","NOVOTEL DE POZA RICA",4,4
"LEON","NAL MONTE DE PIEDAD 70",4,4
"LEON","SBA881118S16 GAS",4,4
"LEON","PARABRISAS VICKY",4,4
"LEON","SBA881118S16 GAS",4,4
"LEON","FARM GUADALAJARA",4,4
"LEON","VIVERO GDV",4,4
"MONTERREY","FARM GUADALAJARA",4,4
"MEXICO DF","SKY RETENCIONES",4,4
"MONTERREY","GIGANTE",2,2
"SN P GARZA GA","ABA SEG",4,4
"SN P GARZA GA","GSP850507IU2 GAS",4,4
"MONTERREY","JOSEPHINOS PURISIMA",4,4
"MONTERREY","PASTELERIA LETY",4,4
"MONTERREY","AMERICAS INCRDBL PIZZA",4,4
"MONTERREY","CABLEVISION",4,4
"SAN NICOLAS","H E B",4,4
"SN P GARZA GA","GRUPO INTL IK",4,4
"MONTERREY","JULIO CEPEDA JUGUETERI",4,4
"MONTERREY","HOME DEPOT",4,4
"SN NICOLAS D","FARM GUADALAJARA",4,4
"GUADALUPE","SGM950714DC2 GAS",4,4
"APODACA NL","BODEGA AURRERA",4,4
"MONTERREY","OPER",4,4
"MONTERREY","OPER",4,4
"MONTERREY","CHRISTUS",4,4
"GUADALUPE","LAVORO GUADALUPE",4,4
"MONTERREY","TDA DE FABRICA CRISA",4,4
"MONTERREY","CAD TONER",4,4
"TONALA","FARM GUADALAJARA",4,4
"TONALA ","PSE6602015CA GAS",4,4
"GUADALAJARA","FARM GUADALAJARA",4,4
"ZAPOPAN","FARM GUADALAJARA",4,4
"SAN JUAN DE","FARM GUADALAJARA",4,4
"TLAQUEPAQUE","UAG7806127I8 GAS",4,4
"TLAQUEPAQUE","UAG7806127I8 GAS",4,4
"ZAPOPAN ","CABLEVISION",4,4
"ZAPOPAN","BENAVIDES",4,4
"GUADALAJARA","FARM GUADALAJARA",4,4
"GUADALAJARA","FARM GUADALAJARA",4,4
"GUADALAJARA","CAS000831GQ5 GAS",4,4
"ZAPOPAN","FARM GUADALAJARA",4,4
"MORELIA","ETN",4,4
"GUADALAJARA","STARBUCKS",4,4
"MEXICO DF","GNP TELEXPRESS CAB",4,4
"GUADALAJARA","TELCEL",4,4
"SN P GARZA GA","AXTEL",4,4
"ZAPOPAN ","SAMS",4,4
"MEXICO DF","PRET COMMUNIQUE",4,4
"GUADALAJARA","FARM GUADALAJARA",4,4
"ZAPOPAN","FARM GUADALAJARA",4,4
"ZITACUARO MIC","FARM GUADALAJARA",4,4
"ZAPOPAN ","FARM GUADALAJARA",4,4
"GUADALAJARA","FARM GUADALAJARA",4,4
"GUADALAJARA","GIGANTE",2,2
"GUADALAJARA","CINEPOLIS",4,4
"ZAPOPAN ","CAS000831GQ5 GAS",4,4
"TLAQUEPAQUE","HERBALIFE",4,4
"TLAQUEPAQUE","WALMART",3,3
"LA PAZ BCS","AEROCALIFORNIA",4,4
"GUADALAJARA","CELULAR SISTEM",4,4
"GUADALAJARA","FARM GUADALAJARA",4,4
"ZAPOPAN ","CABLEVISION",4,4
"TLAQUEPAQUE","FARM GUADALAJARA",4,4
"GUADALAJARA","FARM GUADALAJARA",4,4
"JOSE AZUETA G","FARMAPRONTO EL PASTILL",4,4
"GUADALAJARA","FARM GUADALAJARA",4,4
"ZAPOPAN ","WALMART",3,3
"GUADALAJARA","LA FABRIQUITA",4,4
"GUADALAJARA","FARM GUADALAJARA",4,4
"MEXICO DF","MEX INFOVISA CC",4,4
"ZAPOPAN ","FARM GUADALAJARA",4,4
"ZAPOPAN","GIGANTE",2,2
"TLAJOMULCO D","SAM S PALOMAR",4,4
"GUADALAJARA","FARM GUADALAJARA",4,4
"GUADALAJARA","FARM GUADALAJARA",4,4
"GUADALAJARA","FARM GUADALAJARA",4,4
"GUADALAJARA","BRUSHING SALON",4,4
"GUADALAJARA","FARM GUADALAJARA",4,4
"GUADALAJARA","HOME DEPOT",4,4
"ZAPOPAN","FARM GUADALAJARA",4,4
"GUADALAJARA","FARM GUADALAJARA",4,4
"ZAPOPAN","FARM GUADALAJARA",4,4
"GUADALAJARA","WALMART",3,3
"ZAPOPAN","ZAP FLEXI",4,4
"TLAQUEPAQUE","GIGANTE",2,2
"GUADALAJARA","SAMS",4,4
"GUADALAJARA","GIGANTE",2,2
"GUADALAJARA","GIGANTE",2,2
"ZAPOPAN ","FARM GUADALAJARA",4,4
"TLAJOMULCO D","FARM GUADALAJARA",4,4
"GUADALAJARA","SRIA FINANZAS Y ADMON",4,4
"GUADALAJARA","SRIA FINANZAS Y ADMON",4,4
"GUADALAJARA","SRIA FINANZAS Y ADMON",4,4
"CD DELICIAS C","REST BANDIDOS",4,4
"GUADALAJARA","FARM GUADALAJARA",4,4
"MEXICO DF","SKY RETENCIONES",4,4
"GUADALAJARA","GIGANTE",2,2
"GUADALAJARA","GIGANTE",2,2
"ZAPOPAN ","FABRICAS DE FRANCIA",4,4
"ZAPOPAN ","SUBURBIA",4,4
"GUADALAJARA","CAMARA 21",4,4
"TLAJOMULCO D","FARM GUADALAJARA",4,4
"MEXICO DF","611 IVR IUSACELL",4,4
"ZAPOPAN ","LIVERPOOL",4,4
"GUADALAJARA","LA TEQUILA",4,4
"TLAJOMULCO D","SAM S PALOMAR",4,4
"GUADALAJARA","FARM GUADALAJARA",4,4
"TONALA ","FARM GUADALAJARA",4,4
"GUADALAJARA","FARM GUADALAJARA",4,4
"GUADALAJARA","FARM GUADALAJARA",4,4
"GUADALAJARA","FARM GUADALAJARA",4,4
"ZAPOPAN ","CABLEVISION",4,4
"GUADALAJARA","TELCEL",4,4
"GUASAVE","LEY LAS FUENTES",4,4
"GUADALAJARA","NOVEDAD Y REG AMPAR",4,4
"GUADALAJARA","FARM GUADALAJARA",4,4
"ZAPOPAN","FARM GUADALAJARA",4,4
"GUADALAJARA","SANTA MONICA TEXTIL",4,4
"GUADALAJARA","RUVALCABA FANTASIAS",4,4
"TLAQUEPAQUE","HOME DEPOT",4,4
"GUADALAJARA","TELAS PARISINA",4,4
"ZAPOPAN ","SORIANA",4,4
"MEXICO DF","GPO MAYAN RESORTS MTOS",4,4
"MEXICO DF","ADT",4,4
"LEON","LIVERPOOL",4,4
"MEXICO DF","SUAUTO",4,4
"MONTERREY","BERSHKA GAL MONTERREY",4,4
"MONTERREY","BENAVIDES",4,4
"MONTERREY","HIPERMART COUNTRY 7",4,4
"MONTERREY","HIPERMART COUNTRY 7",4,4
"MONTERREY","ITESM C CTRALES",4,4
"LEON","COSTCO LEON",4,4
"LEON","TELCEL",4,4
"LEON","OJO0312104I6 GAS",4,4
"LEON","FARM GUADALAJARA",4,4
"LEON","FARM GUADALAJARA",4,4
"LEON","FARM GUADALAJARA",4,4
"LEON","FARM GUADALAJARA",4,4
"LEON","FARM GUADALAJARA",4,4
"PTO VALLARTA","COMERCIAL MEXICANA",4,4
"LEON","FARM GUADALAJARA",4,4
"ZAPOPAN ","CABLEVISION",4,4
"ZAPOPAN ","WINGS ARMY",4,4
"ZAPOPAN ","WINGS ARMY",4,4
"SN P GARZA GA","AXTEL",4,4
"GUADALAJARA","TELCEL",4,4
"GUADALAJARA","FARM HOSP SN JAVIER",4,4
"ZAPOPAN ","FARM GUADALAJARA",4,4
"GUADALAJARA","BISSOU SALON",4,4
"ZAPOPAN ","CABLEVISION",4,4
"MEXICO DF","INTERJET",4,4
"GUADALAJARA","ZAP FLEXI",4,4
"ZAPOPAN ","EL FILETE D ORO CORDIL",4,4
"GUADALAJARA","MURAKAMI",4,4
"ZAPOPAN","OFFICE DEPOT",4,4
"MEXICO DF","TELMEX",4,4
"GUADALAJARA","MULTIGAS",4,4
"","PAGOS INTERBANCARIOS",4,4
"ZAPOPAN","WORLD GYM SPA",4,4
"ZAPOPAN ","FARM GUADALAJARA",4,4
"ZAPOPAN ","HOSP REAL SAN JOSE",4,4
"ZAPOPAN ","CABLEVISION",4,4
"GUADALAJARA","GIGANTE",2,2
"GUADALAJARA","FARM GUADALAJARA",4,4
"ZAPOPAN","FARM GUADALAJARA",4,4
"GUADALAJARA","TELCEL",4,4
"GUADALAJARA","SAMS",4,4
"GUADALAJARA","MASCOTAS Y MAS",4,4
"ZAPOPAN ","CABLEVISION",4,4
"GUADALAJARA","TELCEL",4,4
"GUADALAJARA","LA ESTANCIA GAUCHA",4,4
"GUADALAJARA","RNC 9310287DA GAS",4,4
"GARCIA NL","REST GARCIA G",4,4
"GUADALAJARA","TICKETMASTER GUADALAJA",4,4
"ZAPOPAN ","LIVERPOOL",4,4
"ZAPOPAN ","LIVERPOOL",4,4
"GUADALAJARA","EL PURGATORIO",4,4
"MEXICO DF","INTERJET",4,4
"GUADALAJARA","MGA060309HX1 GAS",4,4
"GUADALAJARA","DIST DE LIBROS OWB",4,4
"ZAPOPAN","FARM GUADALAJARA",4,4
"GUADALAJARA","FARM GUADALAJARA",4,4
"ZAPOPAN ","MARTI",4,4
"GUADALAJARA","AERO MESOAMERICANA COM",4,4
"GUADALAJARA","WALMART",3,3
"ZAPOPAN","FARM GUADALAJARA",4,4
"ZAPOPAN","GIGANTE",2,2
"ZAPOPAN ","GOB040223NE0 GAS",4,4
"MORELIA","CINEPOLIS",4,4
"GUADALAJARA","SLM701208JZ6 GAS",4,4
"GUADALAJARA","FARM GUADALAJARA",4,4
"GUADALAJARA","OVI CAFE",4,4
"TLAQUEPAQUE","ANTIGUA DE MEXICO",4,4
"GUADALAJARA","TELCEL",4,4
"GUADALAJARA","ESTAFETA",4,4
"","PAGOS INTERBANCARIOS",4,4
"GUADALAJARA","FARM GUADALAJARA",4,4
"GUADALAJARA","7 CHEDRAUI",4,4
"GUADALAJARA","7 CHEDRAUI",4,4
"GUADALAJARA","TICKETMASTER GUADALAJA",4,4
"TLAQUEPAQUE","WALMART",3,3
"GUADALAJARA","UAG780612718 GAS",4,4
"GUADALAJARA","WALMART",3,3
"GUADALAJARA","GAS LICUADO",4,4
"ZAPOPAN ","ROCK TOWN BAR",4,4
"GUADALAJARA","FARM GUADALAJARA",4,4
"GUADALAJARA","SANAT SAN FCO DE ASIS",4,4
"PTO VALLARTAR","WALMART",3,3
"PTO VALLARTAR","WALMART",3,3
"GUADALAJARA","SEG ING",4,4
"GUADALAJARA","FANTASIAS MIGUEL",4,4
"GUADALAJARA","BENAVIDES",4,4
"MEXICO DF","INTERJET",4,4
"GUADALAJARA","SAMS",4,4
"GUADALAJARA","FARM ESP SUC GDL I",4,4
"ZAPOPAN","FARM GUADALAJARA",4,4
"GUADALAJARA","JALISCO MOTORS",4,4
"ZAPOPAN ","FABRICAS DE FRANCIA",4,4
"GUADALAJARA","FARM GUADALAJARA",4,4
"LEON","COLCHAS INTIMA",4,4
"LEON","CAYC IMPORTACIONES 1",4,4
"LEON","7 CHEDRAUI",4,4
"MEXICO DF","TOKS LEON",4,4
"LEON","7 CHEDRAUI",4,4
"LEON","CLE010511AI2 GAS",4,4
"LEON","FARM GUADALAJARA",4,4
"TLAJOMULCO D","GUADALAJARA",4,4
"ZAPOPAN","OFIPLAN VELASCO",4,4
"MEXICO DF","INTERJET",4,4
"ZAPOPAN ","GOB040223NE0 GAS",4,4
"GUADALAJARA","HOME DEPOT",4,4
"GUADALAJARA","HOME DEPOT",4,4
"TLAJOMULCO D","SORIANA",4,4
"GUADALAJARA","FARM GUADALAJARA",4,4
"ZAPOPAN ","STYLE CAR AUDIO",4,4
"GUADALAJARA","TELCEL",4,4
"LEON","SMO950119TY1 GAS",4,4
"CANCUN","ZINGARA LA ISLA",4,4
"CANCUN QROO","DUFRY CANCUN LA ISLA",4,4
"CANCUN QROO","AQUAWORLD LA ISLA BOUT",4,4
"LEON","FARM GUADALAJARA",4,4
"LEON","FARM GUADALAJARA",4,4
"REYNOSA TAMPS","7 ELEVEN",4,4